"","range","y_lower","y_upper","y","delta","language","predictor","psychometric"
"1",0,127.643913848472,248.028547155956,185.929374108781,124.299396976085,"ZH","vmi_baseline","gaze_duration"
"2",0.1,138.173907537584,244.6088515103,189.449107917298,124.299396976085,"ZH","vmi_baseline","gaze_duration"
"3",0.2,148.703901226695,241.189155864645,192.968841725814,124.299396976085,"ZH","vmi_baseline","gaze_duration"
"4",0.3,159.192602214322,237.76946021899,196.488575534331,124.299396976085,"ZH","vmi_baseline","gaze_duration"
"5",0.4,169.052609113731,234.349764573334,200.008309342847,124.299396976085,"ZH","vmi_baseline","gaze_duration"
"6",0.5,178.91261601314,230.930068927679,203.528043151364,124.299396976085,"ZH","vmi_baseline","gaze_duration"
"7",0.6,188.70589232405,227.510373282023,207.047776959881,124.299396976085,"ZH","vmi_baseline","gaze_duration"
"8",0.7,198.199528570462,224.076713226031,210.520544044154,124.299396976085,"ZH","vmi_baseline","gaze_duration"
"9",0.8,204.847169230288,220.528770975838,213.189965962734,124.299396976085,"ZH","vmi_baseline","gaze_duration"
"10",0.9,208.512921822383,217.243270148709,213.750136304129,124.299396976085,"ZH","vmi_baseline","gaze_duration"
"11",1,206.732156244972,215.064322985723,210.929413592712,124.299396976085,"ZH","vmi_baseline","gaze_duration"
"12",1.1,200.946390335484,208.889585419722,204.940503261047,124.299396976085,"ZH","vmi_baseline","gaze_duration"
"13",1.2,193.121084973791,201.671423613631,197.669196865315,124.299396976085,"ZH","vmi_baseline","gaze_duration"
"14",1.3,185.60738081532,194.275964497477,190.211061150416,124.299396976085,"ZH","vmi_baseline","gaze_duration"
"15",1.4,178.438045493348,186.892134775674,182.890419328408,124.299396976085,"ZH","vmi_baseline","gaze_duration"
"16",1.5,171.258400908572,180.227793179279,176.005877553529,124.299396976085,"ZH","vmi_baseline","gaze_duration"
"17",1.6,164.595911349672,174.291616755391,169.825189917534,124.299396976085,"ZH","vmi_baseline","gaze_duration"
"18",1.7,158.713082982887,168.996455106934,164.374132073563,124.299396976085,"ZH","vmi_baseline","gaze_duration"
"19",1.8,153.550681592372,164.243056984477,159.564309105092,124.299396976085,"ZH","vmi_baseline","gaze_duration"
"20",1.9,149.016714705654,159.953135943693,155.306653088576,124.299396976085,"ZH","vmi_baseline","gaze_duration"
"21",2,145.019189850257,156.048688568885,151.512096100472,124.299396976085,"ZH","vmi_baseline","gaze_duration"
"22",2.1,141.466114553705,152.513224857536,148.091570217233,124.299396976085,"ZH","vmi_baseline","gaze_duration"
"23",2.2,138.265496343524,149.377185862065,144.956007515315,124.299396976085,"ZH","vmi_baseline","gaze_duration"
"24",2.3,135.325342747237,146.47086750779,142.016340071173,124.299396976085,"ZH","vmi_baseline","gaze_duration"
"25",2.4,132.553661292371,143.634302830028,139.183499961263,124.299396976085,"ZH","vmi_baseline","gaze_duration"
"26",2.5,129.85845950645,140.771241202209,136.368419262039,124.299396976085,"ZH","vmi_baseline","gaze_duration"
"27",2.6,127.147744916998,137.891612170889,133.482030049957,124.299396976085,"ZH","vmi_baseline","gaze_duration"
"28",2.7,124.341580640323,135.179972517448,130.447175772746,124.299396976085,"ZH","vmi_baseline","gaze_duration"
"29",2.8,121.42322769825,132.237047987416,127.249141765451,124.299396976085,"ZH","vmi_baseline","gaze_duration"
"30",2.9,118.317491168295,129.09660945557,123.893604638124,124.299396976085,"ZH","vmi_baseline","gaze_duration"
"31",3,115.055840640634,125.742726754097,120.386252411461,124.299396976085,"ZH","vmi_baseline","gaze_duration"
"32",3.1,111.692660221786,122.178905703274,116.73277310616,124.299396976085,"ZH","vmi_baseline","gaze_duration"
"33",3.2,108.191945314042,118.413318188062,112.938854742918,124.299396976085,"ZH","vmi_baseline","gaze_duration"
"34",3.3,104.512451317649,114.454136093421,109.010185342432,124.299396976085,"ZH","vmi_baseline","gaze_duration"
"35",3.4,100.748961816435,110.309531304311,104.9524529254,124.299396976085,"ZH","vmi_baseline","gaze_duration"
"36",3.5,96.9051786312823,105.987675705692,100.771345512517,124.299396976085,"ZH","vmi_baseline","gaze_duration"
"37",3.6,92.9848035830745,101.496741182526,96.472551124482,124.299396976085,"ZH","vmi_baseline","gaze_duration"
"38",3.7,88.9812789031027,96.8448996197718,92.0617577819914,124.299396976085,"ZH","vmi_baseline","gaze_duration"
"39",3.8,84.8708871848908,92.1245734764688,87.5446535057426,124.299396976085,"ZH","vmi_baseline","gaze_duration"
"40",3.9,80.4010624435518,87.3353782459448,82.9269263164325,124.299396976085,"ZH","vmi_baseline","gaze_duration"
"41",4,75.5120465803669,82.583596347637,78.2142642347583,124.299396976085,"ZH","vmi_baseline","gaze_duration"
"42",4.1,70.5431462006024,77.853008153393,73.4123552814171,124.299396976085,"ZH","vmi_baseline","gaze_duration"
"43",4.2,65.499452628752,73.0180398730758,68.5268874771061,124.299396976085,"ZH","vmi_baseline","gaze_duration"
"44",4.3,60.3626441849287,68.1111155123185,63.5635488425225,124.299396976085,"ZH","vmi_baseline","gaze_duration"
"45",4.4,55.1374219079911,63.14627444416,58.5280273983632,124.299396976085,"ZH","vmi_baseline","gaze_duration"
"46",4.5,49.7628593802906,58.5318044998637,53.4260111653254,124.299396976085,"ZH","vmi_baseline","gaze_duration"
"47",4.6,44.1501375707772,54.238251480983,48.2631881641063,124.299396976085,"ZH","vmi_baseline","gaze_duration"
"48",4.7,38.4754054527758,49.9060077437187,43.045246415403,124.299396976085,"ZH","vmi_baseline","gaze_duration"
"49",4.8,32.7355749588738,45.5390660059206,37.7778739399126,124.299396976085,"ZH","vmi_baseline","gaze_duration"
"50",4.9,26.93156971983,41.1454763273287,32.4667587583323,124.299396976085,"ZH","vmi_baseline","gaze_duration"
"51",5,21.0838526797579,36.7481343718245,27.1175888913591,124.299396976085,"ZH","vmi_baseline","gaze_duration"
"52",5.1,15.198957426477,32.3285390838443,21.7360523596902,124.299396976085,"ZH","vmi_baseline","gaze_duration"
"53",5.2,9.23681856035431,27.8906011973762,16.3278371840227,124.299396976085,"ZH","vmi_baseline","gaze_duration"
"54",5.3,3.18838126982254,23.438231446408,10.8986313850537,124.299396976085,"ZH","vmi_baseline","gaze_duration"
"55",5.4,-2.87908040483508,18.9753405649279,5.45412298348047,124.299396976085,"ZH","vmi_baseline","gaze_duration"
"56",5.5,-8.9584950461966,14.5058392869238,0,124.299396976085,"ZH","vmi_baseline","gaze_duration"
"57",0,-1798.03448745618,-98.8458169862454,-1072.07394862337,274.050348488247,"EN","vmi_baseline","gaze_duration"
"58",0.1,-1698.52098590527,-67.764344299343,-1001.70628701099,274.050348488247,"EN","vmi_baseline","gaze_duration"
"59",0.2,-1599.00748435437,-36.682871612443,-931.338625398618,274.050348488247,"EN","vmi_baseline","gaze_duration"
"60",0.3,-1499.49398280346,-5.60139892554071,-860.970963786242,274.050348488247,"EN","vmi_baseline","gaze_duration"
"61",0.4,-1399.98048125255,25.4800737613602,-790.603302173868,274.050348488247,"EN","vmi_baseline","gaze_duration"
"62",0.5,-1300.46697970164,56.5615464482623,-720.235640561493,274.050348488247,"EN","vmi_baseline","gaze_duration"
"63",0.6,-1200.95347815074,87.6430191351641,-649.867978949117,274.050348488247,"EN","vmi_baseline","gaze_duration"
"64",0.7,-1101.43997659983,118.724491822066,-579.500317336742,274.050348488247,"EN","vmi_baseline","gaze_duration"
"65",0.8,-1001.92759297451,149.805964508967,-509.132655724368,274.050348488247,"EN","vmi_baseline","gaze_duration"
"66",0.9,-902.475952993525,180.88743719587,-438.764994111992,274.050348488247,"EN","vmi_baseline","gaze_duration"
"67",1,-803.024313012542,211.968909882771,-368.397332499617,274.050348488247,"EN","vmi_baseline","gaze_duration"
"68",1.1,-703.572673031558,243.050382569673,-298.029670887243,274.050348488247,"EN","vmi_baseline","gaze_duration"
"69",1.2,-604.121033050575,274.131855256575,-227.662009274867,274.050348488247,"EN","vmi_baseline","gaze_duration"
"70",1.3,-504.669393069592,305.213327943476,-157.294347662493,274.050348488247,"EN","vmi_baseline","gaze_duration"
"71",1.4,-405.217753088608,336.294800630378,-86.9266860501172,274.050348488247,"EN","vmi_baseline","gaze_duration"
"72",1.5,-305.766113107625,367.376273317279,-16.5590244377428,274.050348488247,"EN","vmi_baseline","gaze_duration"
"73",1.6,-206.314473126641,398.457746004182,53.8086371746331,274.050348488247,"EN","vmi_baseline","gaze_duration"
"74",1.7,-106.862833145657,430.725405725189,124.176298787008,274.050348488247,"EN","vmi_baseline","gaze_duration"
"75",1.8,-7.41119316467422,463.740365330785,194.543960399383,274.050348488247,"EN","vmi_baseline","gaze_duration"
"76",1.9,92.0404468163097,496.755324936382,264.911622011758,274.050348488247,"EN","vmi_baseline","gaze_duration"
"77",2,191.492086797293,529.770284541978,335.279283624133,274.050348488247,"EN","vmi_baseline","gaze_duration"
"78",2.1,290.943726778276,562.785244147575,405.646945236508,274.050348488247,"EN","vmi_baseline","gaze_duration"
"79",2.2,390.39536675926,595.800203753171,476.014606848883,274.050348488247,"EN","vmi_baseline","gaze_duration"
"80",2.3,488.302452339663,628.797606645496,546.357713117256,274.050348488247,"EN","vmi_baseline","gaze_duration"
"81",2.4,577.028382589742,657.117481257254,610.158688507587,274.050348488247,"EN","vmi_baseline","gaze_duration"
"82",2.5,627.874494202595,666.553986518077,645.723257053878,274.050348488247,"EN","vmi_baseline","gaze_duration"
"83",2.6,617.771045533441,653.813166020239,633.961998829406,274.050348488247,"EN","vmi_baseline","gaze_duration"
"84",2.7,574.803522603431,617.809184913344,593.207250328654,274.050348488247,"EN","vmi_baseline","gaze_duration"
"85",2.8,533.132647223704,580.27977765611,553.614176150332,274.050348488247,"EN","vmi_baseline","gaze_duration"
"86",2.9,498.845325695408,547.064153683591,520.564982713873,274.050348488247,"EN","vmi_baseline","gaze_duration"
"87",3,470.288943507351,517.487243010732,492.817110061122,274.050348488247,"EN","vmi_baseline","gaze_duration"
"88",3.1,446.346127522863,490.873918461557,469.127940073008,274.050348488247,"EN","vmi_baseline","gaze_duration"
"89",3.2,425.381763395771,467.29209287585,448.25485463046,274.050348488247,"EN","vmi_baseline","gaze_duration"
"90",3.3,406.354994348338,447.270659711236,428.970168458338,274.050348488247,"EN","vmi_baseline","gaze_duration"
"91",3.4,388.598919342949,429.400210283659,410.559672238756,274.050348488247,"EN","vmi_baseline","gaze_duration"
"92",3.5,371.518714348309,411.922330226382,392.939798111522,274.050348488247,"EN","vmi_baseline","gaze_duration"
"93",3.6,354.827143633366,394.816059277762,376.065654913556,274.050348488247,"EN","vmi_baseline","gaze_duration"
"94",3.7,339.233985446623,378.080001949835,359.892351481776,274.050348488247,"EN","vmi_baseline","gaze_duration"
"95",3.8,324.645647989984,361.712762754641,344.374996653103,274.050348488247,"EN","vmi_baseline","gaze_duration"
"96",3.9,310.968539465352,345.712946204215,329.468699264456,274.050348488247,"EN","vmi_baseline","gaze_duration"
"97",4,298.087828270444,330.079156810597,315.128568152754,274.050348488247,"EN","vmi_baseline","gaze_duration"
"98",4.1,285.855188011549,314.809999085823,301.309712154918,274.050348488247,"EN","vmi_baseline","gaze_duration"
"99",4.2,274.155776133795,299.904077541931,287.967240107866,274.050348488247,"EN","vmi_baseline","gaze_duration"
"100",4.3,261.937648018519,285.391793949464,275.056260848518,274.050348488247,"EN","vmi_baseline","gaze_duration"
"101",4.4,250.188010924084,271.710752428918,262.531883213794,274.050348488247,"EN","vmi_baseline","gaze_duration"
"102",4.5,238.845379434929,259.068155370349,250.349216040612,274.050348488247,"EN","vmi_baseline","gaze_duration"
"103",4.6,227.848268135489,246.72541142335,238.463368165894,274.050348488247,"EN","vmi_baseline","gaze_duration"
"104",4.7,216.761836363622,234.821900840971,226.829487463669,274.050348488247,"EN","vmi_baseline","gaze_duration"
"105",4.8,205.411611420139,223.825975124177,215.41255522422,274.050348488247,"EN","vmi_baseline","gaze_duration"
"106",4.9,194.366628317935,212.942868331472,204.200311634752,274.050348488247,"EN","vmi_baseline","gaze_duration"
"107",5,183.271556038222,202.167592741247,193.183707415536,274.050348488247,"EN","vmi_baseline","gaze_duration"
"108",5.1,172.351602616844,191.536615718112,182.353693286841,274.050348488247,"EN","vmi_baseline","gaze_duration"
"109",5.2,161.568056872638,181.886612455732,171.701219968937,274.050348488247,"EN","vmi_baseline","gaze_duration"
"110",5.3,150.987156175043,172.327857014161,161.217238182095,274.050348488247,"EN","vmi_baseline","gaze_duration"
"111",5.4,140.598016940172,162.821497685638,150.892698646585,274.050348488247,"EN","vmi_baseline","gaze_duration"
"112",5.5,130.389755584138,153.364560684482,140.718552082677,274.050348488247,"EN","vmi_baseline","gaze_duration"
"113",5.6,120.309734135333,143.954072225015,130.685749210641,274.050348488247,"EN","vmi_baseline","gaze_duration"
"114",5.7,110.381049608634,134.587058521556,120.785240750747,274.050348488247,"EN","vmi_baseline","gaze_duration"
"115",5.8,100.400561120453,125.260545788427,111.007977423266,274.050348488247,"EN","vmi_baseline","gaze_duration"
"116",5.9,90.4839883054277,115.971560239948,101.344909948467,274.050348488247,"EN","vmi_baseline","gaze_duration"
"117",6,80.6889192026264,106.717128090438,91.7869890466214,274.050348488247,"EN","vmi_baseline","gaze_duration"
"118",6.1,71.004896780029,97.4942755542194,82.3251654379984,274.050348488247,"EN","vmi_baseline","gaze_duration"
"119",6.2,61.4214640056161,88.3000288456119,72.9503898428687,274.050348488247,"EN","vmi_baseline","gaze_duration"
"120",6.3,51.8315467812888,79.1314141789359,63.6536129815021,274.050348488247,"EN","vmi_baseline","gaze_duration"
"121",6.4,41.7994000373683,69.985457768512,54.425785574169,274.050348488247,"EN","vmi_baseline","gaze_duration"
"122",6.5,31.8149918691417,60.8591858286607,45.2578583411393,274.050348488247,"EN","vmi_baseline","gaze_duration"
"123",6.6,21.8711102821468,51.7496245737023,36.1407820026834,274.050348488247,"EN","vmi_baseline","gaze_duration"
"124",6.7,11.9605432819216,42.6538002179576,27.0655072790714,274.050348488247,"EN","vmi_baseline","gaze_duration"
"125",6.8,2.07607887400371,34.0070589294571,18.0229848905733,274.050348488247,"EN","vmi_baseline","gaze_duration"
"126",6.9,-7.78949493606871,25.633234666592,9.00416555745954,274.050348488247,"EN","vmi_baseline","gaze_duration"
"127",7,-17.6433901427579,17.2715406847291,0,274.050348488247,"EN","vmi_baseline","gaze_duration"
"128",0,35.0181130271082,36.9743422876312,36.1011099706791,25.0000241579184,"ZH","vmi_qwenzt","gaze_duration"
"129",0.1,35.0016797138146,37.0622677208557,36.1026103957264,25.0000241579184,"ZH","vmi_qwenzt","gaze_duration"
"130",0.2,34.8155333390019,37.2517895165942,36.1079440916641,25.0000241579184,"ZH","vmi_qwenzt","gaze_duration"
"131",0.3,34.5480353747055,37.4428908536112,36.1209443293826,25.0000241579184,"ZH","vmi_qwenzt","gaze_duration"
"132",0.4,34.073619460951,37.6426512166184,36.1454443797721,25.0000241579184,"ZH","vmi_qwenzt","gaze_duration"
"133",0.5,33.6561046161679,37.8669593669915,36.1852775137232,25.0000241579184,"ZH","vmi_qwenzt","gaze_duration"
"134",0.6,33.309716107599,38.0978701068777,36.2442770021261,25.0000241579184,"ZH","vmi_qwenzt","gaze_duration"
"135",0.7,33.0486792024873,38.3601104158723,36.3262761158712,25.0000241579184,"ZH","vmi_qwenzt","gaze_duration"
"136",0.8,32.8865967721924,38.6646830139151,36.435108125849,25.0000241579184,"ZH","vmi_qwenzt","gaze_duration"
"137",0.9,32.8329986525898,38.9676028504963,36.5746063029497,25.0000241579184,"ZH","vmi_qwenzt","gaze_duration"
"138",1,32.9077544702178,39.2686633304332,36.7486039180638,25.0000241579184,"ZH","vmi_qwenzt","gaze_duration"
"139",1.1,33.1251257736575,39.5676578585431,36.9609342420817,25.0000241579184,"ZH","vmi_qwenzt","gaze_duration"
"140",1.2,33.4993737633786,39.8643797922221,37.2154304311784,25.0000241579184,"ZH","vmi_qwenzt","gaze_duration"
"141",1.3,34.0369167477529,40.15755409596,37.5133411272257,25.0000241579184,"ZH","vmi_qwenzt","gaze_duration"
"142",1.4,34.7160678105163,40.4420771181893,37.8466532923263,25.0000241579184,"ZH","vmi_qwenzt","gaze_duration"
"143",1.5,35.5088468704295,40.7136958587545,38.2052800649617,25.0000241579184,"ZH","vmi_qwenzt","gaze_duration"
"144",1.6,36.3774778349078,41.0089815374792,38.5791345836133,25.0000241579184,"ZH","vmi_qwenzt","gaze_duration"
"145",1.7,36.8000550127004,41.3429912957921,38.9581299867625,25.0000241579184,"ZH","vmi_qwenzt","gaze_duration"
"146",1.8,36.9979638460778,41.6535189915546,39.3321794128909,25.0000241579184,"ZH","vmi_qwenzt","gaze_duration"
"147",1.9,37.0311823290663,41.9322136181278,39.6911960004797,25.0000241579184,"ZH","vmi_qwenzt","gaze_duration"
"148",2,37.0727519764319,42.1712160862444,40.0250928880106,25.0000241579184,"ZH","vmi_qwenzt","gaze_duration"
"149",2.1,37.1237267750958,42.3626673066371,40.3237832139648,25.0000241579184,"ZH","vmi_qwenzt","gaze_duration"
"150",2.2,37.1851607119794,42.720955275749,40.5771801168238,25.0000241579184,"ZH","vmi_qwenzt","gaze_duration"
"151",2.3,37.2570638360385,43.1411646626032,40.7751967350692,25.0000241579184,"ZH","vmi_qwenzt","gaze_duration"
"152",2.4,37.2566725922554,43.4786107253904,40.9077462071822,25.0000241579184,"ZH","vmi_qwenzt","gaze_duration"
"153",2.5,37.2736823796702,43.6870573406527,40.9647416716444,25.0000241579184,"ZH","vmi_qwenzt","gaze_duration"
"154",2.6,37.3111766054927,43.7856631112024,40.9360962669372,25.0000241579184,"ZH","vmi_qwenzt","gaze_duration"
"155",2.7,37.3719929653781,43.761828610631,40.8118909935075,25.0000241579184,"ZH","vmi_qwenzt","gaze_duration"
"156",2.8,37.3007146050355,43.5083576025511,40.5871593108333,25.0000241579184,"ZH","vmi_qwenzt","gaze_duration"
"157",2.9,37.1048749013599,43.0389233996173,40.2625822391461,25.0000241579184,"ZH","vmi_qwenzt","gaze_duration"
"158",3,36.85965398102,42.3683884445772,39.8391484331754,25.0000241579184,"ZH","vmi_qwenzt","gaze_duration"
"159",3.1,36.5286190318277,41.688497099978,39.3178465476507,25.0000241579184,"ZH","vmi_qwenzt","gaze_duration"
"160",3.2,35.8900209033927,40.9151308495827,38.6996652373015,25.0000241579184,"ZH","vmi_qwenzt","gaze_duration"
"161",3.3,34.954842963815,40.0124251441802,37.9855931568575,25.0000241579184,"ZH","vmi_qwenzt","gaze_duration"
"162",3.4,33.9407228481937,39.2533644511899,37.1766189610481,25.0000241579184,"ZH","vmi_qwenzt","gaze_duration"
"163",3.5,32.8505653985899,38.7242060370381,36.273731304603,25.0000241579184,"ZH","vmi_qwenzt","gaze_duration"
"164",3.6,31.6872754570647,38.0977258238454,35.2779188422516,25.0000241579184,"ZH","vmi_qwenzt","gaze_duration"
"165",3.7,30.4537578656789,37.5823989041345,34.1901702287234,25.0000241579184,"ZH","vmi_qwenzt","gaze_duration"
"166",3.8,29.1529174664939,37.0228960455568,33.0114741187482,25.0000241579184,"ZH","vmi_qwenzt","gaze_duration"
"167",3.9,27.7876591015705,36.4167383105465,31.7428191670553,25.0000241579184,"ZH","vmi_qwenzt","gaze_duration"
"168",4,26.36088761297,35.6663250478495,30.3851940283744,25.0000241579184,"ZH","vmi_qwenzt","gaze_duration"
"169",4.1,24.7244049762749,34.7589321895179,28.939587357435,25.0000241579184,"ZH","vmi_qwenzt","gaze_duration"
"170",4.2,23.0127712795042,33.6818356676038,27.4069878089666,25.0000241579184,"ZH","vmi_qwenzt","gaze_duration"
"171",4.3,21.2532175101805,32.426865511563,25.7883840376989,25.0000241579184,"ZH","vmi_qwenzt","gaze_duration"
"172",4.4,19.4731906499455,30.9840767004686,24.0847646983613,25.0000241579184,"ZH","vmi_qwenzt","gaze_duration"
"173",4.5,17.6848968058945,29.3329857889177,22.2971184456834,25.0000241579184,"ZH","vmi_qwenzt","gaze_duration"
"174",4.6,15.8977494765135,27.4607208466137,20.4264339343947,25.0000241579184,"ZH","vmi_qwenzt","gaze_duration"
"175",4.7,14.0835446504322,25.3544099432604,18.4736998192248,25.0000241579184,"ZH","vmi_qwenzt","gaze_duration"
"176",4.8,12.2220333078204,23.001181148561,16.4399047549031,25.0000241579184,"ZH","vmi_qwenzt","gaze_duration"
"177",4.9,10.3791950234876,20.3881625322192,14.3260373961594,25.0000241579184,"ZH","vmi_qwenzt","gaze_duration"
"178",5,8.5638140892707,17.5316901245937,12.1330863977231,25.0000241579184,"ZH","vmi_qwenzt","gaze_duration"
"179",5.1,6.78467479700659,14.4332186036814,9.86204041432389,25.0000241579184,"ZH","vmi_qwenzt","gaze_duration"
"180",5.2,5.0221577484753,11.0390211327182,7.5138881006911,25.0000241579184,"ZH","vmi_qwenzt","gaze_duration"
"181",5.3,2.66425181749436,7.89260960147156,5.08961811155441,25.0000241579184,"ZH","vmi_qwenzt","gaze_duration"
"182",5.4,0.0102447086712552,6.14923904455181,2.59021910164335,25.0000241579184,"ZH","vmi_qwenzt","gaze_duration"
"183",5.5,-2.70973261746578,4.59846072299664,0,25.0000241579184,"ZH","vmi_qwenzt","gaze_duration"
"184",0,94.5740326627653,116.066647921208,105.609253482392,55.6662533119413,"EN","vmi_qwenzt","gaze_duration"
"185",0.1,95.1567460952823,115.276383233148,105.439606676592,55.6662533119413,"EN","vmi_qwenzt","gaze_duration"
"186",0.2,95.7251129521059,114.486660566047,105.269503738443,55.6662533119413,"EN","vmi_qwenzt","gaze_duration"
"187",0.3,96.2826965602917,113.698021940865,105.098488535599,55.6662533119413,"EN","vmi_qwenzt","gaze_duration"
"188",0.4,96.8352790282693,112.911009378561,104.926104935711,55.6662533119413,"EN","vmi_qwenzt","gaze_duration"
"189",0.5,97.2324858084039,112.126164900095,104.751896806431,55.6662533119413,"EN","vmi_qwenzt","gaze_duration"
"190",0.6,97.3695978033131,111.344030526426,104.575408015412,55.6662533119413,"EN","vmi_qwenzt","gaze_duration"
"191",0.7,97.5028909212802,110.565148278513,104.396182430306,55.6662533119413,"EN","vmi_qwenzt","gaze_duration"
"192",0.8,97.6210006153439,109.790060177317,104.213763918764,55.6662533119413,"EN","vmi_qwenzt","gaze_duration"
"193",0.9,97.7232314081829,109.019308243795,104.02769634844,55.6662533119413,"EN","vmi_qwenzt","gaze_duration"
"194",1,97.820268340888,108.25687150697,103.837523586984,55.6662533119413,"EN","vmi_qwenzt","gaze_duration"
"195",1.1,97.8249468565326,107.675387283887,103.64278950205,55.6662533119413,"EN","vmi_qwenzt","gaze_duration"
"196",1.2,97.7321209618979,107.247896363521,103.443037961288,55.6662533119413,"EN","vmi_qwenzt","gaze_duration"
"197",1.3,97.591302552842,107.029158310512,103.237812832352,55.6662533119413,"EN","vmi_qwenzt","gaze_duration"
"198",1.4,97.0966089811936,106.801162155566,103.026657982894,55.6662533119413,"EN","vmi_qwenzt","gaze_duration"
"199",1.5,96.5909724644507,106.594949560248,102.809117280565,55.6662533119413,"EN","vmi_qwenzt","gaze_duration"
"200",1.6,96.075825590827,106.39551007373,102.584734593017,55.6662533119413,"EN","vmi_qwenzt","gaze_duration"
"201",1.7,95.5721494729892,106.206534610901,102.353053787904,55.6662533119413,"EN","vmi_qwenzt","gaze_duration"
"202",1.8,95.0806610331738,106.154587770555,102.113618732876,55.6662533119413,"EN","vmi_qwenzt","gaze_duration"
"203",1.9,94.6020771936177,106.282141860827,101.865973295587,55.6662533119413,"EN","vmi_qwenzt","gaze_duration"
"204",2,94.1371148765573,106.378554802171,101.609661343687,55.6662533119413,"EN","vmi_qwenzt","gaze_duration"
"205",2.1,93.6864910042293,106.439520727152,101.34422674483,55.6662533119413,"EN","vmi_qwenzt","gaze_duration"
"206",2.2,93.2509224988702,106.463267284953,101.069213366667,55.6662533119413,"EN","vmi_qwenzt","gaze_duration"
"207",2.3,92.8311262827168,106.448022124755,100.78416507685,55.6662533119413,"EN","vmi_qwenzt","gaze_duration"
"208",2.4,92.4278192780056,106.39201289574,100.488625743032,55.6662533119413,"EN","vmi_qwenzt","gaze_duration"
"209",2.5,92.0417184069733,106.29346724709,100.182139232865,55.6662533119413,"EN","vmi_qwenzt","gaze_duration"
"210",2.6,91.6735405918564,106.150612827987,99.8642494140004,55.6662533119413,"EN","vmi_qwenzt","gaze_duration"
"211",2.7,91.3240027548917,106.03172947007,99.5345001540908,55.6662533119413,"EN","vmi_qwenzt","gaze_duration"
"212",2.8,90.9938218183156,105.888219861829,99.1924353207882,55.6662533119413,"EN","vmi_qwenzt","gaze_duration"
"213",2.9,90.4781662684422,105.686805793625,98.8375987817447,55.6662533119413,"EN","vmi_qwenzt","gaze_duration"
"214",3,89.9747683157976,105.425419249029,98.4695344046124,55.6662533119413,"EN","vmi_qwenzt","gaze_duration"
"215",3.1,89.5019289377309,105.101992211615,98.0877860570434,55.6662533119413,"EN","vmi_qwenzt","gaze_duration"
"216",3.2,89.0606667533947,104.714456664956,97.6918976066899,55.6662533119413,"EN","vmi_qwenzt","gaze_duration"
"217",3.3,88.6520003819416,104.260744592625,97.281412921204,55.6662533119413,"EN","vmi_qwenzt","gaze_duration"
"218",3.4,88.2769484425242,103.738787978194,96.8558758682377,55.6662533119413,"EN","vmi_qwenzt","gaze_duration"
"219",3.5,87.9365295542951,103.146518805235,96.4148303154432,55.6662533119413,"EN","vmi_qwenzt","gaze_duration"
"220",3.6,87.6317623364069,102.481869057322,95.9578201304726,55.6662533119413,"EN","vmi_qwenzt","gaze_duration"
"221",3.7,87.3636654080122,101.742770718028,95.4843891809781,55.6662533119413,"EN","vmi_qwenzt","gaze_duration"
"222",3.8,87.1332573882636,101.033306931747,94.9940813346116,55.6662533119413,"EN","vmi_qwenzt","gaze_duration"
"223",3.9,86.9415568963137,100.344357972373,94.4864404590253,55.6662533119413,"EN","vmi_qwenzt","gaze_duration"
"224",4,86.7895825513151,99.5884794134248,93.9610104218714,55.6662533119413,"EN","vmi_qwenzt","gaze_duration"
"225",4.1,86.6783529724204,98.7639551113249,93.4173350908019,55.6662533119413,"EN","vmi_qwenzt","gaze_duration"
"226",4.2,86.6088867787821,97.8690689224942,92.854958333469,55.6662533119413,"EN","vmi_qwenzt","gaze_duration"
"227",4.3,86.582202589553,97.1150686651513,92.2734240175248,55.6662533119413,"EN","vmi_qwenzt","gaze_duration"
"228",4.4,86.4692454650666,96.3649854327045,91.6718706489887,55.6662533119413,"EN","vmi_qwenzt","gaze_duration"
"229",4.5,86.3070049565503,95.5651077241519,91.0461874395632,55.6662533119413,"EN","vmi_qwenzt","gaze_duration"
"230",4.6,86.1515390399069,94.7680642075945,90.3907018245123,55.6662533119413,"EN","vmi_qwenzt","gaze_duration"
"231",4.7,85.9507544463766,94.5157769143742,89.6997313084562,55.6662533119413,"EN","vmi_qwenzt","gaze_duration"
"232",4.8,85.0617397928741,94.1882874097381,88.9675933960147,55.6662533119413,"EN","vmi_qwenzt","gaze_duration"
"233",4.9,83.6651751408059,93.7654000485837,88.1886055918081,55.6662533119413,"EN","vmi_qwenzt","gaze_duration"
"234",5,82.2890993845618,93.2269191858084,87.3570854004563,55.6662533119413,"EN","vmi_qwenzt","gaze_duration"
"235",5.1,80.9491457929863,92.5526491763097,86.4673503265794,55.6662533119413,"EN","vmi_qwenzt","gaze_duration"
"236",5.2,79.6609476349238,91.7223943749852,85.5137178747974,55.6662533119413,"EN","vmi_qwenzt","gaze_duration"
"237",5.3,78.2445175620795,90.7159591367323,84.4905055497304,55.6662533119413,"EN","vmi_qwenzt","gaze_duration"
"238",5.4,76.8046718370876,89.5701178737538,83.3920308559985,55.6662533119413,"EN","vmi_qwenzt","gaze_duration"
"239",5.5,75.3561286778067,88.3317970136189,82.2126112982216,55.6662533119413,"EN","vmi_qwenzt","gaze_duration"
"240",5.6,73.9028800533648,86.9076982163591,80.9465643810199,55.6662533119413,"EN","vmi_qwenzt","gaze_duration"
"241",5.7,72.4489179328901,85.8428445978249,79.5882076090134,55.6662533119413,"EN","vmi_qwenzt","gaze_duration"
"242",5.8,70.9980414792424,84.6976991783595,78.13162839857,55.6662533119413,"EN","vmi_qwenzt","gaze_duration"
"243",5.9,69.5129798198151,83.3249250863583,76.5219026232612,55.6662533119413,"EN","vmi_qwenzt","gaze_duration"
"244",6,67.8647334077957,81.4981976637584,74.5946403675371,55.6662533119413,"EN","vmi_qwenzt","gaze_duration"
"245",6.1,65.9118763135783,80.1916073735039,72.1706225055692,55.6662533119413,"EN","vmi_qwenzt","gaze_duration"
"246",6.2,63.2143327184422,78.1128200784752,69.0706299115294,55.6662533119413,"EN","vmi_qwenzt","gaze_duration"
"247",6.3,59.4025638758158,74.7823511368645,65.1154434595891,55.6662533119413,"EN","vmi_qwenzt","gaze_duration"
"248",6.4,54.889619618135,69.944761935804,60.12584402392,55.6662533119413,"EN","vmi_qwenzt","gaze_duration"
"249",6.5,49.1520003845969,63.222310296619,53.9226124786938,55.6662533119413,"EN","vmi_qwenzt","gaze_duration"
"250",6.6,42.2604931972513,54.2851081516037,46.3265389337325,55.6662533119413,"EN","vmi_qwenzt","gaze_duration"
"251",6.7,33.3149146301736,42.9739874647683,37.1871251489492,55.6662533119413,"EN","vmi_qwenzt","gaze_duration"
"252",6.8,21.9779338041673,32.1284475227515,26.4460951940988,55.6662533119413,"EN","vmi_qwenzt","gaze_duration"
"253",6.9,9.56260046588236,19.3140516001234,14.0636523756322,55.6662533119413,"EN","vmi_qwenzt","gaze_duration"
"254",7,-3.69444418277714,4.10371195785613,0,55.6662533119413,"EN","vmi_qwenzt","gaze_duration"
"255",0,20.9047214435913,44.5258407863052,31.5954360702518,7.13522477942559,"ZH","vmi_qwenft","gaze_duration"
"256",0.1,20.8501019611833,43.054213655273,30.8555851893646,7.13522477942559,"ZH","vmi_qwenft","gaze_duration"
"257",0.2,20.7958350073397,41.5866475308203,30.1180965556835,7.13522477942559,"ZH","vmi_qwenft","gaze_duration"
"258",0.3,20.7422731106201,40.127203419522,29.38533241641,7.13522477942559,"ZH","vmi_qwenft","gaze_duration"
"259",0.4,20.689768799591,38.6799423279579,28.6596550187514,7.13522477942559,"ZH","vmi_qwenft","gaze_duration"
"260",0.5,20.5594903466238,37.2489252627133,27.9434266099158,7.13522477942559,"ZH","vmi_qwenft","gaze_duration"
"261",0.6,20.4312368936729,35.8382132303572,27.2390094371046,7.13522477942559,"ZH","vmi_qwenft","gaze_duration"
"262",0.7,20.3078201397643,34.4518672374818,26.5487657475276,7.13522477942559,"ZH","vmi_qwenft","gaze_duration"
"263",0.8,20.1900462014072,33.0939482906531,25.8750577883859,7.13522477942559,"ZH","vmi_qwenft","gaze_duration"
"264",0.9,20.0787211951062,31.7685173964537,25.2202478068846,7.13522477942559,"ZH","vmi_qwenft","gaze_duration"
"265",1,19.9746512373656,30.479635561457,24.5866980502251,7.13522477942559,"ZH","vmi_qwenft","gaze_duration"
"266",1.1,19.878642444707,29.2313637922577,23.9767707656276,7.13522477942559,"ZH","vmi_qwenft","gaze_duration"
"267",1.2,19.7915009336244,28.0277630954267,23.3928282002866,7.13522477942559,"ZH","vmi_qwenft","gaze_duration"
"268",1.3,19.7140328206185,26.8728944775198,22.8372326013933,7.13522477942559,"ZH","vmi_qwenft","gaze_duration"
"269",1.4,19.6470442222146,25.7708189451579,22.3123462161819,7.13522477942559,"ZH","vmi_qwenft","gaze_duration"
"270",1.5,19.5913412549144,24.7282948510458,21.8205312918417,7.13522477942559,"ZH","vmi_qwenft","gaze_duration"
"271",1.6,19.1962803636223,23.7512837574842,21.3641500755756,7.13522477942559,"ZH","vmi_qwenft","gaze_duration"
"272",1.7,18.6526625840085,22.8812194112726,20.9455648145857,7.13522477942559,"ZH","vmi_qwenft","gaze_duration"
"273",1.8,18.1679590854216,22.2698002989592,20.5671377561003,7.13522477942559,"ZH","vmi_qwenft","gaze_duration"
"274",1.9,17.750053006724,21.7245619368301,20.2312311472936,7.13522477942559,"ZH","vmi_qwenft","gaze_duration"
"275",2,17.4026553157109,21.2993058291214,19.940207235393,7.13522477942559,"ZH","vmi_qwenft","gaze_duration"
"276",2.1,17.1294769801423,21.0707956254944,19.6964282675921,7.13522477942559,"ZH","vmi_qwenft","gaze_duration"
"277",2.2,16.9296873809358,20.9098087454507,19.5022564911039,7.13522477942559,"ZH","vmi_qwenft","gaze_duration"
"278",2.3,16.7059820126993,20.7879933080361,19.3600541531195,7.13522477942559,"ZH","vmi_qwenft","gaze_duration"
"279",2.4,16.5790491169605,20.7088009123073,19.2721835008663,7.13522477942559,"ZH","vmi_qwenft","gaze_duration"
"280",2.5,16.5530961925051,20.7134719835789,19.2410067815337,7.13522477942559,"ZH","vmi_qwenft","gaze_duration"
"281",2.6,16.6032673140843,20.7989141280519,19.2688862423333,7.13522477942559,"ZH","vmi_qwenft","gaze_duration"
"282",2.7,16.7121652493956,20.8998652233955,19.3581841304651,7.13522477942559,"ZH","vmi_qwenft","gaze_duration"
"283",2.8,16.941852151976,21.0311265180857,19.5112626908718,7.13522477942559,"ZH","vmi_qwenft","gaze_duration"
"284",2.9,17.2908143068937,21.2534763685516,19.7264052717943,7.13522477942559,"ZH","vmi_qwenft","gaze_duration"
"285",3,17.7341765138001,21.555036756771,19.9859802251704,7.13522477942559,"ZH","vmi_qwenft","gaze_duration"
"286",3.1,18.2297037766319,21.953155370578,20.2684748545285,7.13522477942559,"ZH","vmi_qwenft","gaze_duration"
"287",3.2,18.6474736780618,22.3908996005131,20.5523764633864,7.13522477942559,"ZH","vmi_qwenft","gaze_duration"
"288",3.3,18.8468326997209,22.7913388891791,20.8161723552644,7.13522477942559,"ZH","vmi_qwenft","gaze_duration"
"289",3.4,19.0383379124736,23.1190490270119,21.0383498336795,7.13522477942559,"ZH","vmi_qwenft","gaze_duration"
"290",3.5,19.199441491361,23.3453373818285,21.1973962021817,7.13522477942559,"ZH","vmi_qwenft","gaze_duration"
"291",3.6,19.2397885831172,23.441511321382,21.2717987642567,7.13522477942559,"ZH","vmi_qwenft","gaze_duration"
"292",3.7,19.2624096239195,23.3788782134816,21.2400448234491,7.13522477942559,"ZH","vmi_qwenft","gaze_duration"
"293",3.8,19.2597300281542,23.128748144322,21.0806236967276,7.13522477942559,"ZH","vmi_qwenft","gaze_duration"
"294",3.9,19.21526074181,22.6777823902572,20.7833949098666,7.13522477942559,"ZH","vmi_qwenft","gaze_duration"
"295",4,19.0563986967771,22.0640451001017,20.376290697455,7.13522477942559,"ZH","vmi_qwenft","gaze_duration"
"296",4.1,18.3227786123979,21.3363470333942,19.8952030162012,7.13522477942559,"ZH","vmi_qwenft","gaze_duration"
"297",4.2,17.4239125001141,20.7433694489572,19.3760238227947,7.13522477942559,"ZH","vmi_qwenft","gaze_duration"
"298",4.3,16.5141760004224,20.3262201663559,18.8546450739728,7.13522477942559,"ZH","vmi_qwenft","gaze_duration"
"299",4.4,15.6983471258099,19.9988538455392,18.3669587263117,7.13522477942559,"ZH","vmi_qwenft","gaze_duration"
"300",4.5,15.0372275244877,19.7921113158529,17.9488567366452,7.13522477942559,"ZH","vmi_qwenft","gaze_duration"
"301",4.6,14.5311187392489,19.6249286260208,17.6362310616392,7.13522477942559,"ZH","vmi_qwenft","gaze_duration"
"302",4.7,14.2694797835712,19.5214440432728,17.4649736579622,7.13522477942559,"ZH","vmi_qwenft","gaze_duration"
"303",4.8,14.3072317717396,19.7670614967458,17.4709764822612,7.13522477942559,"ZH","vmi_qwenft","gaze_duration"
"304",4.9,14.6990540754359,20.2250162474281,17.6901314913459,7.13522477942559,"ZH","vmi_qwenft","gaze_duration"
"305",5,15.4826628367337,20.8800797537644,18.1583306418677,7.13522477942559,"ZH","vmi_qwenft","gaze_duration"
"306",5.1,15.703976788509,22.0034135003289,18.9036580494541,7.13522477942559,"ZH","vmi_qwenft","gaze_duration"
"307",5.2,15.519333471217,22.9328443928355,19.2933310961734,7.13522477942559,"ZH","vmi_qwenft","gaze_duration"
"308",5.3,13.1484416318677,21.4380529129359,17.5409299495666,7.13522477942559,"ZH","vmi_qwenft","gaze_duration"
"309",5.4,7.58767263992536,15.211564116031,11.7439783405734,7.13522477942559,"ZH","vmi_qwenft","gaze_duration"
"310",5.5,-2.70823855432655,2.19263999540443,0,7.13522477942559,"ZH","vmi_qwenft","gaze_duration"
"311",0,60.437026307004,247.068069000748,180.410729095417,-29.7332480855318,"EN","vmi_qwenft","gaze_duration"
"312",0.1,59.9673135164084,242.535085716594,177.33737411583,-29.7332480855318,"EN","vmi_qwenft","gaze_duration"
"313",0.2,59.4976007257993,238.002102432451,174.264019136245,-29.7332480855318,"EN","vmi_qwenft","gaze_duration"
"314",0.3,59.0278879351756,233.469119148255,171.190664156621,-29.7332480855318,"EN","vmi_qwenft","gaze_duration"
"315",0.4,58.5581751445522,228.93613586406,168.117309176997,-29.7332480855318,"EN","vmi_qwenft","gaze_duration"
"316",0.5,58.0884623539036,224.403152579805,165.043954197327,-29.7332480855318,"EN","vmi_qwenft","gaze_duration"
"317",0.6,57.6187495633092,219.870169295677,161.970599217757,-29.7332480855318,"EN","vmi_qwenft","gaze_duration"
"318",0.7,57.1490367727001,215.337186011534,158.897244238172,-29.7332480855318,"EN","vmi_qwenft","gaze_duration"
"319",0.8,56.6793239820717,210.804202727313,155.82388925853,-29.7332480855318,"EN","vmi_qwenft","gaze_duration"
"320",0.9,56.2096111914683,206.271219443167,152.750534278945,-29.7332480855318,"EN","vmi_qwenft","gaze_duration"
"321",1,55.7398984008463,201.957609518065,149.677179299324,-29.7332480855318,"EN","vmi_qwenft","gaze_duration"
"322",1.1,55.2701856102275,197.657464944457,146.60382431971,-29.7332480855318,"EN","vmi_qwenft","gaze_duration"
"323",1.2,54.8004728195907,193.357320370804,143.530469340062,-29.7332480855318,"EN","vmi_qwenft","gaze_duration"
"324",1.3,54.3307600289762,189.057175797209,140.457114360458,-29.7332480855318,"EN","vmi_qwenft","gaze_duration"
"325",1.4,53.8610472383677,184.757031223624,137.383759380863,-29.7332480855318,"EN","vmi_qwenft","gaze_duration"
"326",1.5,53.3913344477502,180.456886650016,134.31040440125,-29.7332480855318,"EN","vmi_qwenft","gaze_duration"
"327",1.6,52.9216216571299,176.156742076404,131.237049421634,-29.7332480855318,"EN","vmi_qwenft","gaze_duration"
"328",1.7,52.451875801336,171.856669998559,128.163739736801,-29.7332480855318,"EN","vmi_qwenft","gaze_duration"
"329",1.8,51.9815394728884,167.557892538487,125.091238918922,-29.7332480855318,"EN","vmi_qwenft","gaze_duration"
"330",1.9,51.5096359348517,163.262551202686,122.020884964339,-29.7332480855318,"EN","vmi_qwenft","gaze_duration"
"331",2,51.035176717063,158.972813222844,118.954031942286,-29.7332480855318,"EN","vmi_qwenft","gaze_duration"
"332",2.1,50.5571733493483,154.690845830628,115.892033921979,-29.7332480855318,"EN","vmi_qwenft","gaze_duration"
"333",2.2,50.0746373615761,150.418816257801,112.836244972713,-29.7332480855318,"EN","vmi_qwenft","gaze_duration"
"334",2.3,49.5865802835214,146.158891735927,109.788019163619,-29.7332480855318,"EN","vmi_qwenft","gaze_duration"
"335",2.4,48.7526111206138,141.913239496891,106.74871056409,-29.7332480855318,"EN","vmi_qwenft","gaze_duration"
"336",2.5,47.9091316291001,137.684026772193,103.719673243207,-29.7332480855318,"EN","vmi_qwenft","gaze_duration"
"337",2.6,47.0637992750994,133.473420793776,100.702261270407,-29.7332480855318,"EN","vmi_qwenft","gaze_duration"
"338",2.7,46.2163982451982,129.283588792962,97.6978287146333,-29.7332480855318,"EN","vmi_qwenft","gaze_duration"
"339",2.8,45.3667127263199,125.116698001837,94.7077296454368,-29.7332480855318,"EN","vmi_qwenft","gaze_duration"
"340",2.9,44.5145269051227,120.974915651929,91.7333181319199,-29.7332480855318,"EN","vmi_qwenft","gaze_duration"
"341",3,43.659624968311,116.860408974828,88.7759482432409,-29.7332480855318,"EN","vmi_qwenft","gaze_duration"
"342",3.1,42.8017911026982,112.775345202395,85.8369740487673,-29.7332480855318,"EN","vmi_qwenft","gaze_duration"
"343",3.2,41.9408094950195,108.721891566289,82.9177496177122,-29.7332480855318,"EN","vmi_qwenft","gaze_duration"
"344",3.3,41.0764643320121,104.702215298185,80.0196290192987,-29.7332480855318,"EN","vmi_qwenft","gaze_duration"
"345",3.4,40.2085398004242,100.718483629794,77.1439663227773,-29.7332480855318,"EN","vmi_qwenft","gaze_duration"
"346",3.5,39.3368200869498,96.7728637927383,74.2921155973223,-29.7332480855318,"EN","vmi_qwenft","gaze_duration"
"347",3.6,38.4610893783828,92.8675230187125,71.4654309121904,-29.7332480855318,"EN","vmi_qwenft","gaze_duration"
"348",3.7,37.5811318615071,89.0046285395923,68.6652663367482,-29.7332480855318,"EN","vmi_qwenft","gaze_duration"
"349",3.8,36.696731722998,85.1863475869233,65.8929759401151,-29.7332480855318,"EN","vmi_qwenft","gaze_duration"
"350",3.9,35.8076731496047,81.4148473923492,63.1499137914994,-29.7332480855318,"EN","vmi_qwenft","gaze_duration"
"351",4,34.913740328079,77.6922951876166,60.4374339601746,-29.7332480855318,"EN","vmi_qwenft","gaze_duration"
"352",4.1,34.0147174451725,74.0208582044235,57.7568905153842,-29.7332480855318,"EN","vmi_qwenft","gaze_duration"
"353",4.2,33.1103886877569,70.4027036747814,55.1096375266129,-29.7332480855318,"EN","vmi_qwenft","gaze_duration"
"354",4.3,32.2005382423417,66.8399988297944,52.4970290626408,-29.7332480855318,"EN","vmi_qwenft","gaze_duration"
"355",4.4,31.2849502958901,63.3349109017183,49.9204191931402,-29.7332480855318,"EN","vmi_qwenft","gaze_duration"
"356",4.5,30.363409034934,59.8896071217196,47.3811619869389,-29.7332480855318,"EN","vmi_qwenft","gaze_duration"
"357",4.6,29.4356986463479,56.5062547217921,44.8806115135114,-29.7332480855318,"EN","vmi_qwenft","gaze_duration"
"358",4.7,28.1092325897787,53.1870209336356,42.420121842095,-29.7332480855318,"EN","vmi_qwenft","gaze_duration"
"359",4.8,26.6013263979904,49.9340729891909,40.0010470421335,-29.7332480855318,"EN","vmi_qwenft","gaze_duration"
"360",4.9,25.1371525760087,46.7495781194528,37.6247411822991,-29.7332480855318,"EN","vmi_qwenft","gaze_duration"
"361",5,23.6231609936623,43.6357035569401,35.2925583324823,-29.7332480855318,"EN","vmi_qwenft","gaze_duration"
"362",5.1,22.1561466964625,40.5946165325952,33.005852561342,-29.7332480855318,"EN","vmi_qwenft","gaze_duration"
"363",5.2,20.7462650166816,38.0952270453629,30.7659779385107,-29.7332480855318,"EN","vmi_qwenft","gaze_duration"
"364",5.3,19.0726643576151,35.7025837270602,28.5742885330171,-29.7332480855318,"EN","vmi_qwenft","gaze_duration"
"365",5.4,17.3957003035508,33.3795542707644,26.4321384143891,-29.7332480855318,"EN","vmi_qwenft","gaze_duration"
"366",5.5,15.4533759176348,31.089079767692,24.3408816514651,-29.7332480855318,"EN","vmi_qwenft","gaze_duration"
"367",5.6,13.5652559159764,28.8320263755129,22.3018723136702,-29.7332480855318,"EN","vmi_qwenft","gaze_duration"
"368",5.7,11.8249164417923,26.6092602519836,20.3164644705037,-29.7332480855318,"EN","vmi_qwenft","gaze_duration"
"369",5.8,10.2360906940006,24.480619678367,18.3860121908277,-29.7332480855318,"EN","vmi_qwenft","gaze_duration"
"370",5.9,8.80251187213299,22.4683394206448,16.5118695439936,-29.7332480855318,"EN","vmi_qwenft","gaze_duration"
"371",6,7.52791317563138,20.4265521022535,14.6953905992898,-29.7332480855318,"EN","vmi_qwenft","gaze_duration"
"372",6.1,6.41602780366632,18.3545648330289,12.937929425768,-29.7332480855318,"EN","vmi_qwenft","gaze_duration"
"373",6.2,5.4705889560065,16.5692454435318,11.2408400929937,-29.7332480855318,"EN","vmi_qwenft","gaze_duration"
"374",6.3,4.69532983170163,14.9301811297633,9.60547666991766,-29.7332480855318,"EN","vmi_qwenft","gaze_duration"
"375",6.4,4.06824020683004,13.3014579754375,8.03319322611474,-29.7332480855318,"EN","vmi_qwenft","gaze_duration"
"376",6.5,2.96083483024656,11.6304859574288,6.5253438303934,-29.7332480855318,"EN","vmi_qwenft","gaze_duration"
"377",6.6,1.44389809148062,10.1236130881564,5.08328255232149,-29.7332480855318,"EN","vmi_qwenft","gaze_duration"
"378",6.7,-0.327018532960928,8.84952546464494,3.70836346097978,-29.7332480855318,"EN","vmi_qwenft","gaze_duration"
"379",6.8,-2.04767635656926,7.60430077507652,2.40194062562961,-29.7332480855318,"EN","vmi_qwenft","gaze_duration"
"380",6.9,-3.71134228184895,7.1697139999926,1.16536811557656,-29.7332480855318,"EN","vmi_qwenft","gaze_duration"
"381",7,-5.31691150403712,7.02126623911186,0,-29.7332480855318,"EN","vmi_qwenft","gaze_duration"
"382",0,24.3440618768318,30.4908072565829,27.0031453242468,8.12730749237684,"ZH","vmi_transocr","gaze_duration"
"383",0.1,24.0307325110804,29.948846292465,26.5984245746259,8.12730749237684,"ZH","vmi_transocr","gaze_duration"
"384",0.2,23.7179594593675,29.4075120878312,26.1942706550969,8.12730749237684,"ZH","vmi_transocr","gaze_duration"
"385",0.3,23.3855924674689,28.8674314021659,25.7912503957517,8.12730749237684,"ZH","vmi_transocr","gaze_duration"
"386",0.4,23.0200258314968,28.3292309949531,25.3899306266822,8.12730749237684,"ZH","vmi_transocr","gaze_duration"
"387",0.5,22.6569640706867,27.7935376256771,24.9908781779803,8.12730749237684,"ZH","vmi_transocr","gaze_duration"
"388",0.6,22.2970334038292,27.3325743789921,24.594659879738,8.12730749237684,"ZH","vmi_transocr","gaze_duration"
"389",0.7,21.9030712241415,26.9928371837327,24.2018425620471,8.12730749237684,"ZH","vmi_transocr","gaze_duration"
"390",0.8,21.4137800384706,26.6520482336042,23.8129930549996,8.12730749237684,"ZH","vmi_transocr","gaze_duration"
"391",0.9,20.9348688285329,26.310057277911,23.4286781886873,8.12730749237684,"ZH","vmi_transocr","gaze_duration"
"392",1,20.4676350912952,25.9667140659575,23.0494647932022,8.12730749237684,"ZH","vmi_transocr","gaze_duration"
"393",1.1,20.0133763237242,25.6218683470481,22.6759196986362,8.12730749237684,"ZH","vmi_transocr","gaze_duration"
"394",1.2,19.5733900227864,25.2753698704873,22.3086097350811,8.12730749237684,"ZH","vmi_transocr","gaze_duration"
"395",1.3,19.1489736854487,24.9270683855794,21.948101732629,8.12730749237684,"ZH","vmi_transocr","gaze_duration"
"396",1.4,18.7414248086775,24.5768136416288,21.5949625213716,8.12730749237684,"ZH","vmi_transocr","gaze_duration"
"397",1.5,18.3520408894397,24.2244553879401,21.249758931401,8.12730749237684,"ZH","vmi_transocr","gaze_duration"
"398",1.6,17.9821194247018,23.8884910647619,20.913057792809,8.12730749237684,"ZH","vmi_transocr","gaze_duration"
"399",1.7,17.6329579114306,23.6487381389255,20.5854259356875,8.12730749237684,"ZH","vmi_transocr","gaze_duration"
"400",1.8,17.3058538465927,23.4031515349675,20.2674301901284,8.12730749237684,"ZH","vmi_transocr","gaze_duration"
"401",1.9,17.0021047271547,23.1499113834931,19.9596373862237,8.12730749237684,"ZH","vmi_transocr","gaze_duration"
"402",2,16.7230080500833,22.8876168605974,19.6626143540652,8.12730749237684,"ZH","vmi_transocr","gaze_duration"
"403",2.1,16.4698613123452,22.6157914204161,19.3769279237448,8.12730749237684,"ZH","vmi_transocr","gaze_duration"
"404",2.2,16.2439620109071,22.3339585170849,19.1031449253546,8.12730749237684,"ZH","vmi_transocr","gaze_duration"
"405",2.3,16.0466076427356,22.0416416047395,18.8418321889863,8.12730749237684,"ZH","vmi_transocr","gaze_duration"
"406",2.4,15.8739362176891,21.7383641375156,18.5935565447318,8.12730749237684,"ZH","vmi_transocr","gaze_duration"
"407",2.5,15.6954462603589,21.423649569549,18.3588848226832,8.12730749237684,"ZH","vmi_transocr","gaze_duration"
"408",2.6,15.5451474094732,21.0970213549753,18.1383838529322,8.12730749237684,"ZH","vmi_transocr","gaze_duration"
"409",2.7,15.4223612593007,20.7580029479304,17.9326204655708,8.12730749237684,"ZH","vmi_transocr","gaze_duration"
"410",2.8,15.3252777192853,20.4959675229838,17.742161490691,8.12730749237684,"ZH","vmi_transocr","gaze_duration"
"411",2.9,15.2597104737093,20.2508890414469,17.5675737583845,8.12730749237684,"ZH","vmi_transocr","gaze_duration"
"412",3,15.2267851045168,19.9993927489205,17.4094240987434,8.12730749237684,"ZH","vmi_transocr","gaze_duration"
"413",3.1,15.2276271936522,19.7412573415776,17.2682793418595,8.12730749237684,"ZH","vmi_transocr","gaze_duration"
"414",3.2,15.168500365029,19.4762615155909,17.1447063178247,8.12730749237684,"ZH","vmi_transocr","gaze_duration"
"415",3.3,15.1304762674134,19.2041839671331,17.039271856731,8.12730749237684,"ZH","vmi_transocr","gaze_duration"
"416",3.4,15.1273142901453,18.9395478331009,16.9525427886703,8.12730749237684,"ZH","vmi_transocr","gaze_duration"
"417",3.5,15.1586787780484,18.8121909970393,16.8839370574203,8.12730749237684,"ZH","vmi_transocr","gaze_duration"
"418",3.6,15.195677428739,18.7564927797649,16.8230381110661,8.12730749237684,"ZH","vmi_transocr","gaze_duration"
"419",3.7,15.0397647996407,18.8253785276892,16.7544348068067,8.12730749237684,"ZH","vmi_transocr","gaze_duration"
"420",3.8,14.5806859530963,18.9092463888129,16.6626767432731,8.12730749237684,"ZH","vmi_transocr","gaze_duration"
"421",3.9,14.0731617834737,18.9290031866897,16.5323135190963,8.12730749237684,"ZH","vmi_transocr","gaze_duration"
"422",4,13.539709678512,18.8589214855136,16.3478947329073,8.12730749237684,"ZH","vmi_transocr","gaze_duration"
"423",4.1,12.9767115648685,18.6732738494784,16.0939699833372,8.12730749237684,"ZH","vmi_transocr","gaze_duration"
"424",4.2,12.3805493692001,18.3463328427778,15.7550888690169,8.12730749237684,"ZH","vmi_transocr","gaze_duration"
"425",4.3,11.7476050181639,17.8523710296057,15.3158009885774,8.12730749237684,"ZH","vmi_transocr","gaze_duration"
"426",4.4,11.0742604384171,17.3294988454601,14.7606559406498,8.12730749237684,"ZH","vmi_transocr","gaze_duration"
"427",4.5,10.3568975566166,16.7681253549446,14.074203323865,8.12730749237684,"ZH","vmi_transocr","gaze_duration"
"428",4.6,9.59189829941953,16.0000405913351,13.2409927368541,8.12730749237684,"ZH","vmi_transocr","gaze_duration"
"429",4.7,8.775644593483,15.001792157362,12.2455737782481,8.12730749237684,"ZH","vmi_transocr","gaze_duration"
"430",4.8,7.90451836546405,13.8092088042761,11.0724960466779,8.12730749237684,"ZH","vmi_transocr","gaze_duration"
"431",4.9,6.97541303519511,12.4315387122007,9.70850094302443,8.12730749237684,"ZH","vmi_transocr","gaze_duration"
"432",5,5.9939729144354,10.7930830743832,8.17782836382315,8.12730749237684,"ZH","vmi_transocr","gaze_duration"
"433",5.1,4.91545645639558,8.88778214677551,6.53619629481566,8.12730749237684,"ZH","vmi_transocr","gaze_duration"
"434",5.2,3.29836420629614,6.70978119978357,4.84029887022004,8.12730749237684,"ZH","vmi_transocr","gaze_duration"
"435",5.3,1.54974777408153,4.31523042091122,3.14683022425431,8.12730749237684,"ZH","vmi_transocr","gaze_duration"
"436",5.4,0.355475447239231,2.46170092385056,1.51257618730992,8.12730749237684,"ZH","vmi_transocr","gaze_duration"
"437",5.5,-1.51733047653661,1.04295154637532,0,8.12730749237684,"ZH","vmi_transocr","gaze_duration"
"438",0,-166.374418854207,613.959711062305,242.560509517426,-31.9866622052089,"EN","vmi_transocr","gaze_duration"
"439",0.1,-162.964566754278,602.105999537876,237.875388600615,-31.9866622052089,"EN","vmi_transocr","gaze_duration"
"440",0.2,-159.554714654349,590.252288013446,233.190267683805,-31.9866622052089,"EN","vmi_transocr","gaze_duration"
"441",0.3,-156.14486255442,578.398576489016,228.505146766994,-31.9866622052089,"EN","vmi_transocr","gaze_duration"
"442",0.4,-152.735010454492,566.544864964587,223.820025850184,-31.9866622052089,"EN","vmi_transocr","gaze_duration"
"443",0.5,-149.325158354563,554.691153440157,219.134904933373,-31.9866622052089,"EN","vmi_transocr","gaze_duration"
"444",0.6,-145.915306254634,542.837441915727,214.449784016562,-31.9866622052089,"EN","vmi_transocr","gaze_duration"
"445",0.7,-142.505454154705,530.983730391298,209.764663099752,-31.9866622052089,"EN","vmi_transocr","gaze_duration"
"446",0.8,-139.095602054776,519.130018866868,205.079542182941,-31.9866622052089,"EN","vmi_transocr","gaze_duration"
"447",0.9,-135.685749954847,507.276307342438,200.394421266131,-31.9866622052089,"EN","vmi_transocr","gaze_duration"
"448",1,-132.275897854918,495.422595818009,195.70930034932,-31.9866622052089,"EN","vmi_transocr","gaze_duration"
"449",1.1,-128.866045754989,483.568884293579,191.02417943251,-31.9866622052089,"EN","vmi_transocr","gaze_duration"
"450",1.2,-125.456193655061,471.715172769149,186.339058515699,-31.9866622052089,"EN","vmi_transocr","gaze_duration"
"451",1.3,-122.046341555132,459.861461244719,181.653937598889,-31.9866622052089,"EN","vmi_transocr","gaze_duration"
"452",1.4,-118.636489455203,448.00774972029,176.968816682078,-31.9866622052089,"EN","vmi_transocr","gaze_duration"
"453",1.5,-115.226637355274,436.15403819586,172.283695765268,-31.9866622052089,"EN","vmi_transocr","gaze_duration"
"454",1.6,-111.816785255345,424.30032667143,167.598574848457,-31.9866622052089,"EN","vmi_transocr","gaze_duration"
"455",1.7,-108.406933155416,412.446615147,162.913453931646,-31.9866622052089,"EN","vmi_transocr","gaze_duration"
"456",1.8,-104.997081055487,400.592903622571,158.228333014836,-31.9866622052089,"EN","vmi_transocr","gaze_duration"
"457",1.9,-101.587228955559,388.739192098141,153.543212098025,-31.9866622052089,"EN","vmi_transocr","gaze_duration"
"458",2,-98.1773768556297,376.885480573712,148.858091181215,-31.9866622052089,"EN","vmi_transocr","gaze_duration"
"459",2.1,-94.7675247557008,365.031769049282,144.172970264404,-31.9866622052089,"EN","vmi_transocr","gaze_duration"
"460",2.2,-91.357672655772,353.178057524852,139.487849347594,-31.9866622052089,"EN","vmi_transocr","gaze_duration"
"461",2.3,-87.9478205558431,341.324346000422,134.802728430783,-31.9866622052089,"EN","vmi_transocr","gaze_duration"
"462",2.4,-84.5379684559142,329.470634475993,130.117607513973,-31.9866622052089,"EN","vmi_transocr","gaze_duration"
"463",2.5,-81.1281163559854,317.616922951563,125.432486597162,-31.9866622052089,"EN","vmi_transocr","gaze_duration"
"464",2.6,-77.7182642560565,305.763211427133,120.747365680352,-31.9866622052089,"EN","vmi_transocr","gaze_duration"
"465",2.7,-74.3084121561276,293.909499902703,116.062244763541,-31.9866622052089,"EN","vmi_transocr","gaze_duration"
"466",2.8,-70.8985600561987,282.055788378274,111.377123846731,-31.9866622052089,"EN","vmi_transocr","gaze_duration"
"467",2.9,-67.4887079562699,270.202076853844,106.69200292992,-31.9866622052089,"EN","vmi_transocr","gaze_duration"
"468",3,-64.078855856341,258.348365329415,102.00688201311,-31.9866622052089,"EN","vmi_transocr","gaze_duration"
"469",3.1,-60.6690037564122,246.494653804985,97.321761096299,-31.9866622052089,"EN","vmi_transocr","gaze_duration"
"470",3.2,-57.2591516564833,234.640942280555,92.6366401794885,-31.9866622052089,"EN","vmi_transocr","gaze_duration"
"471",3.3,-53.8492995623937,222.78723078695,87.9515192770826,-31.9866622052089,"EN","vmi_transocr","gaze_duration"
"472",3.4,-50.4405037567523,210.939095149044,83.2690040682361,-31.9866622052089,"EN","vmi_transocr","gaze_duration"
"473",3.5,-47.0378236067941,199.123242372569,78.601575197458,-31.9866622052089,"EN","vmi_transocr","gaze_duration"
"474",3.6,-43.6472666328368,187.371384502151,73.9640522502773,-31.9866622052089,"EN","vmi_transocr","gaze_duration"
"475",3.7,-40.2748403551981,175.715233582419,69.3712548122226,-31.9866622052089,"EN","vmi_transocr","gaze_duration"
"476",3.8,-36.9265522941954,164.186501657998,64.8380024688229,-31.9866622052089,"EN","vmi_transocr","gaze_duration"
"477",3.9,-33.6084099701463,152.816900773516,60.3791148056071,-31.9866622052089,"EN","vmi_transocr","gaze_duration"
"478",4,-30.3264209033685,141.638142973601,56.009411408104,-31.9866622052089,"EN","vmi_transocr","gaze_duration"
"479",4.1,-27.0865926141795,130.681940302879,51.7437118618423,-31.9866622052089,"EN","vmi_transocr","gaze_duration"
"480",4.2,-23.8949326228969,119.980004805978,47.5968357523514,-31.9866622052089,"EN","vmi_transocr","gaze_duration"
"481",4.3,-20.7574484498384,109.564048527526,43.5836026651598,-31.9866622052089,"EN","vmi_transocr","gaze_duration"
"482",4.4,-17.6801476153214,99.68002071429,39.7188321857962,-31.9866622052089,"EN","vmi_transocr","gaze_duration"
"483",4.5,-14.6690376396636,90.3890844898239,36.0173438997898,-31.9866622052089,"EN","vmi_transocr","gaze_duration"
"484",4.6,-11.7301260431825,81.4528967919564,32.4939573926692,-31.9866622052089,"EN","vmi_transocr","gaze_duration"
"485",4.7,-8.86942034619591,72.9009757207545,29.1634922499635,-31.9866622052089,"EN","vmi_transocr","gaze_duration"
"486",4.8,-6.09292806902112,65.2722849404159,26.0407680572013,-31.9866622052089,"EN","vmi_transocr","gaze_duration"
"487",4.9,-3.40665673197591,58.958096036924,23.140604399912,-31.9866622052089,"EN","vmi_transocr","gaze_duration"
"488",5,-1.78959565615448,52.9842348072231,20.4778208636238,-31.9866622052089,"EN","vmi_transocr","gaze_duration"
"489",5.1,-1.39986988623076,47.3719478285263,18.0672370338658,-31.9866622052089,"EN","vmi_transocr","gaze_duration"
"490",5.2,-2.63816608946328,42.1424816780468,15.9236724961672,-31.9866622052089,"EN","vmi_transocr","gaze_duration"
"491",5.3,-3.62239422485236,37.3170829329965,14.0619468360565,-31.9866622052089,"EN","vmi_transocr","gaze_duration"
"492",5.4,-4.19653111353187,32.9169981705882,12.4968796390627,-31.9866622052089,"EN","vmi_transocr","gaze_duration"
"493",5.5,-4.34009063067873,29.0397834616093,11.2432904907145,-31.9866622052089,"EN","vmi_transocr","gaze_duration"
"494",5.6,-4.03258665146954,25.6687794553184,10.3159989765411,-31.9866622052089,"EN","vmi_transocr","gaze_duration"
"495",5.7,-3.25353305108153,22.7667175426469,9.72982468207103,-31.9866622052089,"EN","vmi_transocr","gaze_duration"
"496",5.8,-1.9824437046913,20.3553414202916,9.49958719283337,-31.9866622052089,"EN","vmi_transocr","gaze_duration"
"497",5.9,-0.204135068562316,20.2835713393535,9.64010609435702,-31.9866622052089,"EN","vmi_transocr","gaze_duration"
"498",6,1.30087516586558,20.300092724468,10.1662009721705,-31.9866622052089,"EN","vmi_transocr","gaze_duration"
"499",6.1,3.1784815621562,20.4082990519232,11.0926914118031,-31.9866622052089,"EN","vmi_transocr","gaze_duration"
"500",6.2,5.3265666480923,20.6702597281127,12.4343969987835,-31.9866622052089,"EN","vmi_transocr","gaze_duration"
"501",6.3,7.95901095249571,21.4199655102504,14.2061373186406,-31.9866622052089,"EN","vmi_transocr","gaze_duration"
"502",6.4,11.4008231090984,22.0836705446967,16.4227319569032,-31.9866622052089,"EN","vmi_transocr","gaze_duration"
"503",6.5,13.6382003404974,24.4716609459177,19.0973261636199,-31.9866622052089,"EN","vmi_transocr","gaze_duration"
"504",6.6,15.8469214683649,28.7208549388185,21.7339694884148,-31.9866622052089,"EN","vmi_transocr","gaze_duration"
"505",6.7,16.1978699077233,31.0644235506089,22.6137771083525,-31.9866622052089,"EN","vmi_transocr","gaze_duration"
"506",6.8,14.8059144729627,29.4714514128835,19.8379983415827,-31.9866622052089,"EN","vmi_transocr","gaze_duration"
"507",6.9,3.16923808298171,21.9110231572367,11.5078825062556,-31.9866622052089,"EN","vmi_transocr","gaze_duration"
"508",7,-14.7797509063371,10.7030062967449,0,-31.9866622052089,"EN","vmi_transocr","gaze_duration"
