target,prior,posterior_target,entropy,marginal_likelihood
一,0.0050936716773525,0.9306669841492978,0.5753244766159837,120.5539541877443
七,0.0001769092421274,0.3057812750565995,3.5271935850979736,12.74337472032284
三,0.0026152991676729,0.8652783640547774,1.0256447170886402,66.57487353547975
上,0.0097217927175277,0.9607305494629694,0.352275631595265,222.8894822554809
下,0.0034505517814323,0.8857094558771296,0.8631684560766716,85.81082688302196
不,0.0157465656692351,0.9764157785758671,0.22030533504483202,355.21874769881674
与,0.0119673899086186,0.9722334116370188,0.2546459637970855,271.12759273666774
专,0.0001281633518817,0.2743453940589635,3.931552585282385,10.2898964134361
且,0.0004436423718984,0.5108915438282173,2.916998738500313,19.127099768620816
世,0.0001141968327664,0.24759310523650208,4.181478479190026,10.159219209281682
丘,1.6129960311616486e-05,0.03984201445467373,4.753947669293163,8.91737086937714
业,0.0001651335495399,0.2949012381380537,3.7544460672636983,12.333988502323193
东,0.0004053029076603,0.5294812094973733,2.789596916137413,16.860637303049735
两,0.0012816335188177,0.7527053195854939,1.6109444742883874,37.50452684360155
严,5.477066319733951e-05,0.12479324118524336,4.514863855738747,9.667223384993175
个,0.006134314278102,0.9412796252525649,0.49255837918952794,143.54635965370375
中,0.0122412432246053,0.9662776852195576,0.3017041459307729,279.0412417641752
串,3.0123864758536727e-05,0.0692183701691157,4.571000765565155,9.58592747980286
临,7.202342210450144e-05,0.1703896808989398,3.938655839851137,9.310548825727615
丹,4.874589024563216e-05,0.10292849480462422,4.204089596453089,10.431510595495288
为,0.0134188124833481,0.972931578364945,0.2492343859907775,303.79218923915414
主,0.0003861331755412,0.43920288808841873,3.1094793721744907,19.364966428877658
久,0.0002615299167672,0.4086467011225889,3.438070927915245,14.096724016532015
么,0.0011967389908618,0.7756315203759477,1.579334087655131,33.98512019567271
义,0.0001810170418672,0.3483437093194557,3.716205931314645,11.446067703517691
之,0.0034505517814323,0.8974883479803275,0.7800404561459464,84.68462120757684
乎,2.4400330454414748e-05,0.05866724378632407,4.482094297203439,9.161041314530493
乏,6.271240936095374e-06,0.015724007714211254,4.731208582228389,8.784864296718226
乐,0.0001651335495399,0.3139333712288165,3.8470415884042843,11.586243495803778
九,0.0001612996031161,0.3184882575252146,3.8218255312189937,11.15538832847361
也,0.0137200511309335,0.9745127595470499,0.24201506311882512,310.1080349927583
习,5.586607646128629e-05,0.1303111580029361,4.410836098722158,9.443030367643985
书,0.000657247958368,0.6212259709379757,2.1694274171282233,23.30367748766366
乳,1.98269800774369e-05,0.05645245386706492,4.6353161943145444,7.736037471787656
了,0.0377917576061642,0.9904243969846503,0.1002160797763189,840.4668329779674
争,0.0001040642600749,0.24692078905780568,4.138442115581443,9.2830088294633
事,0.0016896749596379,0.8418615547326022,1.1747390235686697,44.20865579807469
二,0.0006709406241674,0.5949793155418859,2.4860640308449753,24.838595767165152
于,0.0055866076461286,0.9335414040747613,0.5403749014425038,131.81335256192102
五,0.000369701976582,0.5016997978516786,3.0446036903217006,16.23127610640039
亚,0.0002793303823064,0.3836157787699835,3.413220231726155,16.038602820379158
些,0.0004874589024563,0.5861752763760566,2.5880184966123503,18.317041461911593
亡,2.1743953289343784e-05,0.048088254774414786,4.608941969433872,9.959655338259973
交,0.0001938881477185,0.35404469079512757,3.5923925291451937,12.062518559870878
产,0.0002385262382244,0.4079922839593791,3.5210806913037533,12.877424975852627
享,1.651335495399786e-05,0.05192740014503027,4.756558789856953,7.0046034855559185
亲,0.0001470592306848,0.3261457697353054,3.9147931122252713,9.9317403905567
人,0.0150619323792683,0.9731747854597468,0.24949828403237306,340.9060153556224
什,5.997387620108676e-05,0.14038797717861162,4.393456876410545,9.409726952932186
仅,0.0004053029076603,0.5301272363157273,2.936783490432165,16.84009049253683
今,0.0002615299167672,0.41613199638097936,3.402418245573521,13.843155095234307
仍,0.0007038030220858,0.6055425249247276,2.4490755306753793,25.6006680855015
从,0.0048745890245632,0.941896729021401,0.49272406452791595,113.9933552214746
他,0.0131175738357628,0.9626118576405499,0.30756128661678733,300.1560692515092
代,0.0001372005113093,0.2784606574019119,3.9256362121690187,10.852672681234354
令,0.000369701976582,0.513594041616164,2.9178776507468926,15.855378531711477
以,0.0047650476981685,0.937477981632625,0.5336487245437103,111.95693359277331
们,0.002078546668339,0.7715749278172014,1.3530296596191813,59.337123903960226
件,0.0003779175760616,0.5243776793632391,2.9036943427412596,15.874414358149846
价,9.064544759159688e-05,0.20894479515053507,4.237921706798482,9.555628554388237
任,0.0004135185071399,0.4975252864061969,2.9805155192560124,18.307313219855466
仿,1.5746565669235108e-05,0.036414059373653634,4.5629288488306115,9.524925154321906
企,2.330491719046796e-05,0.05619170020387947,4.600700056924627,9.135245231665115
休,3.0123864758536727e-05,0.07425767932683096,4.442811870849155,8.935402812562003
优,7.530966189634182e-05,0.18050699360894443,4.323129277881648,9.1897031722323
会,0.0082703701427982,0.9602476527236904,0.35262638022894544,189.7083784001225
传,0.0002793303823064,0.44247166269308474,3.241763467427589,13.905209372899265
伤,0.0001341881248334,0.2446174428429571,4.016948644701215,12.082908346031864
伯,4.4364237189845e-05,0.08170706352823824,3.939233871585003,11.959643521359615
估,1.4048675110117585e-05,0.030566187641760403,4.303325116568814,10.12369175384463
似,5.230598335345923e-05,0.11933874099060224,4.321429011378691,9.65416547581499
但,0.0057235343041219,0.9220245106027056,0.6182444811438387,136.73089069262966
位,0.0007886975500416,0.6342344140630691,2.3071244920967247,27.39084985494282
低,0.0004436423718984,0.5502922880148541,2.716910382188767,17.75760580799427
住,0.0006709406241674,0.5980939062156635,2.4497118089259784,24.709248087942605
体,0.0002738533159866,0.4112195423044344,3.2471473009236522,14.668613907720394
何,0.0001040642600749,0.17638349105481854,4.1217763819580036,12.995365106416157
余,0.0001169353659263,0.2488176292518364,3.9574393671283477,10.351649300427711
佛,5.477066319733951e-05,0.15206210962399763,4.474884368468182,7.933627531921928
作,0.0007886975500416,0.6963349555441585,2.022207746786644,24.948079182472544
你,0.0137200511309335,0.974925549814997,0.23252199993040193,309.9767330909038
使,0.0013720051130933,0.7725811105689643,1.5565235545807827,39.11618246994647
侈,8.270370142798264e-07,0.0025912495961247194,4.737659348351789,7.0300840695999405
例,0.0001169353659263,0.22812259674350646,3.76422069152469,11.290739604699729
供,0.0001895064946627,0.35751668661345354,3.699862601025513,11.675422375724736
依,0.0001341881248334,0.2790114377744606,3.9344483187205395,10.593437191278792
促,3.0123864758536727e-05,0.05928917529077662,4.3713913006489244,11.191288687304683
保,0.0001169353659263,0.24229278133746326,4.004992364376261,10.63041508525786
信,0.0003779175760616,0.4739587542037594,2.9877824371587662,17.563107524749825
俱,2.226427458971851e-05,0.055711656362607186,4.622395041609767,8.802525624166693
值,0.000267554689719,0.4099431207222849,3.4182474193957257,14.375858316520137
假,0.0003012386475853,0.5064850164819215,3.101431752748294,13.100531212552236
做,0.0032862397918403,0.922643782579034,0.6416723290800315,78.4530820401455
健,3.0123864758536727e-05,0.09370716262330385,4.631941279860817,7.080806398744621
偶,1.728014423876061e-05,0.043424486058876714,4.583420664064801,8.765112510216607
偷,9.283627411949046e-05,0.23281914531271786,4.0549406153803,8.783019169938322
像,0.0013720051130933,0.8066139197058667,1.401596037787508,37.46578500017633
儿,0.0001810170418672,0.3158625875238646,3.68367946165719,12.62310206543132
充,4.0530290766031234e-05,0.09333147617911575,4.3631228199344525,9.565251721705016
先,0.0006873718231266,0.6225309615801412,2.259786983559115,24.320673002322472
光,0.0002555051438155,0.4428972649172778,3.3875063406449,12.706954312983687
克,0.0002440033045441,0.4097290591452137,3.517413759498287,13.117279141911233
免,5.8604609621153264e-05,0.14364401133189805,4.447079157691325,8.986468821562923
入,0.000328623979184,0.4345365016580421,3.2188136023896856,16.657806212436256
全,0.0005586607646128,0.6056157516938167,2.5268570254666765,20.318695787268187
八,0.0001470592306848,0.2868353289934775,3.9581308559973247,11.29287360052846
公,0.000143772990893,0.2850614076995679,3.874588216005658,11.109223418482832
六,0.0002555051438155,0.43109630748705974,3.390428769646125,13.054798227002244
兰,7.530966189634182e-05,0.16940587565051474,4.296146873714735,9.791901759065059
关,0.0003779175760616,0.5413680854257672,2.8074192699055507,15.376208510389771
兴,5.723534304121978e-05,0.12754613039891938,4.313235582722775,9.884206771373265
其,0.0024975422417986,0.8892230303703659,0.8504192814725204,61.865276630486015
具,0.0001539055635845,0.26616662311274614,3.57145493708377,12.736366386887147
典,2.875459817860324e-05,0.08070450266193689,4.635978674849119,7.847916192204379
养,0.0001251509654059,0.3232223583062387,3.8640971407245317,8.528597690906977
内,0.002078546668339,0.7961011483425471,1.3104384012781645,57.50907053506583
再,0.0021251017320567,0.8564940353889198,1.1056739985740227,54.651262796449544
农,7.366654200042163e-05,0.1761390309996657,4.308993752860225,9.212118168159213
况,1.728014423876061e-05,0.04643684199308719,4.730155278183543,8.196520040295763
冷,0.0001169353659263,0.2538952352588177,3.9603221636963957,10.144628492745223
准,0.0001311757383576,0.2992766343297009,3.739009035105317,9.65440526459251
凌,1.2515096540592076e-05,0.04052096759514691,4.808234828319236,6.8029803390743995
减,6.873718231266108e-05,0.21814078983419627,4.21837555758524,6.940642308080057
几,0.0003368395786636,0.4533961956403266,3.216673541227237,16.364022303479132
凡,7.72266351082487e-05,0.17407864784968158,4.358069961073311,9.771616781678553
凯,2.3852623822441357e-05,0.06986864617235405,4.445343014719459,7.519667712543781
出,0.0022784595890093,0.8463965399628683,1.1597529758724745,59.294207658699094
分,0.0010652893991882,0.7717637186249964,1.6276701920825403,30.40381394786793
切,7.530966189634182e-05,0.1478270586661555,4.306967729132589,11.221258859816642
划,7.72266351082487e-05,0.17582116074915202,4.253547340181565,9.674773101326279
列,0.0001196738990861,0.20285014361575465,3.8653290744158944,12.994780273581252
则,0.0014705923068485,0.7739837732616099,1.5488636243154539,41.850943474438665
刚,0.0003614863771024,0.48365535004725724,2.5925406578323833,16.462688399408037
初,0.0002440033045441,0.40015695905626697,3.3453381567955516,13.431055788797867
利,0.0001372005113093,0.2476444323119217,3.727994219781134,12.203150869056731
到,0.0082703701427982,0.9520597171965561,0.39260358575480275,191.3399146821861
制,0.000720234221045,0.6788822751138057,1.979658520438538,23.368137622148883
前,0.0023304917190467,0.8547940549240655,1.0351774538784968,60.052472100104275
剧,0.0001065289399188,0.2423830544591014,3.791306875795781,9.680775978810837
剩,7.366654200042163e-05,0.20840688916992361,4.194494948929994,7.785796208833522
力,0.0002078546668339,0.34188566833434847,3.6517975379206264,13.391329714442648
劝,5.477066319733951e-05,0.12809156529506308,4.229376052346543,9.418294925946817
功,4.135185071399132e-05,0.09872404466234036,4.335059677770998,9.226071808736723
加,0.0004545965045379,0.505126055491166,2.733613903753117,19.82308029607843
务,4.874589024563216e-05,0.13293028423952535,4.434019625699799,8.07716383272102
动,0.0004053029076603,0.5078995960441801,2.743693903938139,17.577077638271536
助,6.572479583680741e-05,0.09693549791633391,3.325960574689532,14.934518298132705
励,5.997387620108676e-06,0.015577522896674592,4.291307910293302,8.480247735711645
劳,3.697019765820416e-05,0.10226836587689461,4.405988116300383,7.962606883989104
包,0.0002497542241798,0.39285757683647793,3.506869493338966,14.003046397383498
化,0.0002497542241798,0.43394543289842613,3.3200211478238497,12.677176573241002
北,0.0002615299167672,0.43499856086700567,3.3022863460660825,13.242755917421507
匪,1.3418812483348178e-05,0.038733419117414646,4.745997655988752,7.630852656601788
区,0.0011967389908618,0.7590336248425382,1.6772098165626357,34.72827762142596
十,0.0001506193237926,0.2663112522084938,4.026127028149425,12.457646291855815
千,9.064544759159688e-05,0.1718862302181192,4.226103612135418,11.615816161059682
升,0.0001169353659263,0.27478398329935544,4.062695126924002,9.373446031506363
午,6.271240936095374e-06,0.01569256526694046,4.468913136787247,8.802466111828249
半,0.0002555051438155,0.4186857925024559,3.414487204476076,13.441763277927015
单,0.000267554689719,0.44622039515872586,3.323020152547481,13.207115329722585
南,0.0003149313133847,0.4560236463810531,3.107447275240088,15.21154408774944
博,5.230598335345923e-05,0.14698374630591265,4.501808818549072,7.838390176835176
卡,0.0002738533159866,0.46942551373422325,3.2296837983515454,12.849793036150176
卢,3.614863771024408e-05,0.08569133200526968,4.711392568532358,9.291800155523159
印,7.72266351082487e-05,0.15954434981711138,3.9425948663966492,10.661799296620542
却,0.002078546668339,0.8478131987256146,1.0393390966042286,54.00132619060066
历,8.270370142798264e-05,0.17513284340801055,4.3453808094558575,10.401648343956735
压,0.0001196738990861,0.2409213646125881,4.1654924113063005,10.941300490265455
原,0.0004984130350957,0.606220750487292,2.5804991994064745,18.109372964215897
去,0.0039708730818071,0.8963355552846453,0.7763992357231755,97.57986235876493
参,0.0001114582996065,0.26182325211734153,3.938915183050397,9.376678365944432
叉,2.4400330454414748e-05,0.06160202097799224,4.68759288604144,8.724600842692418
及,0.0032862397918403,0.906559069459393,0.7458505865441268,79.84504353551712
友,3.861331755412435e-05,0.0971973327742525,4.431046621455012,8.750393596759587
发,0.0009064544759159,0.7481773737717142,1.7340961166986486,26.686169895326312
取,0.0002226427458971,0.40383816838828424,3.414506061912867,12.14355950190712
受,0.0008462067463988,0.69720810379534,1.9696636647745043,26.73368805299941
变,0.0005586607646128,0.6285839102250186,2.3770999963253785,19.57626026132197
口,0.0002278459589009,0.3741049310760113,3.6861259695222977,13.415063003261816
古,0.0001372005113093,0.24184362930790207,3.9147240514900297,12.495852704628367
另,0.0009502710064738,0.6940577506775512,1.9749878338414493,30.157593945832893
只,0.0023852623822441,0.8522974518647822,1.1114365114151437,61.643854688508675
叫,0.0010406426007494,0.7244775747262452,1.7528283729038068,31.63890705476517
可,0.0026152991676729,0.8681361582709396,1.0055437226966546,66.35571748867903
史,0.0002615299167672,0.40534669024955877,3.4966573966997405,14.211488349503426
司,9.94087537031712e-05,0.20327593805317729,4.173655388344782,10.77168077106331
叹,1.5061932379268363e-05,0.04271688956857209,4.638048813812748,7.766509727331166
吁,8.078672821607577e-06,0.022967830636884522,4.626489788654219,7.747558460606593
吃,0.0012241243224605,0.8017312907858588,1.4208528940326954,33.63113405594763
合,0.0002278459589009,0.3668335575901811,3.5313755088719594,13.680976334837757
同,0.0007038030220858,0.5796125102719341,2.303912779710304,26.745960305413927
名,0.0009064544759159,0.7290575580538637,1.8282166251636902,27.386024995897387
后,0.0058604609621153,0.9447252350154381,0.4805326317898714,136.63786902201602
向,0.0023852623822441,0.8335017608694171,1.0708504468646953,63.03394034745178
否,2.1251017320567727e-05,0.056378126114886275,4.783408944187342,8.302596030993932
含,0.0001281633518817,0.265514436333521,4.026707169926531,10.632136336361015
吻,0.0001065289399188,0.1891335390067538,3.4775032587438237,12.40634560956784
呈,0.0001196738990861,0.22929379909132278,4.032599496645947,11.496137510902654
告,6.271240936095374e-05,0.14682072468246576,4.460225071992681,9.408295339002175
员,0.0003368395786636,0.48778619655108346,3.169171467273131,15.210322699227707
呢,0.0015746565669235,0.8207890170975353,1.2405188252297679,42.25704570531149
周,0.000267554689719,0.40474908521600883,3.40539351467085,14.560339816927607
味,6.134314278102024e-05,0.15605683570249862,4.092498060989474,8.65820859515514
呼,2.9302304810576632e-05,0.08326001152313568,4.498868242015471,7.7519352064924965
命,0.0001574656566923,0.35291803686028184,3.6670014380342577,9.827811386026857
和,0.0198269800774369,0.9844644606654985,0.14843149994419724,443.61001939547555
品,8.462067463988953e-05,0.15037094041969026,3.643716858633823,12.395309827063686
响,8.270370142798264e-05,0.14821377583304735,3.1522480290687263,12.290829515465242
唯,3.861331755412435e-05,0.11853715082780057,4.447855629963495,7.1750916264680304
商,0.000101873433547,0.20876662369994026,4.014783664895527,10.748421656939183
善,6.873718231266108e-05,0.20662322054007556,4.43667535457692,7.327526843710036
喜,4.4364237189845e-05,0.12165499768311919,4.569900688686733,8.032447261395223
喻,5.58660764612863e-06,0.015432524994911318,3.756077385539709,7.973628571282612
器,0.0001506193237926,0.3161654665844368,3.4707483410099598,10.493275623663354
四,0.0004135185071399,0.4514168013064864,2.8997089515588312,20.177253541904594
回,0.000657247958368,0.5764878453855465,2.459772506628779,25.112150741040168
因,0.0011145829960658,0.6895609413712201,1.962611485567227,35.60283473930123
团,0.0003368395786636,0.38193241012140283,3.0956633748607487,19.42591218014866
困,4.874589024563216e-05,0.07946197029745435,3.9815791738206907,13.512120075975721
固,1.6896749596379236e-05,0.030537550171834328,3.943972478756316,12.187476563569593
国,0.0012515096540592,0.6858638322285232,1.7459675600499094,40.19213915601329
图,0.0010406426007494,0.6609109463672321,1.8871521574754873,34.68194735768385
土,7.886975500416888e-05,0.14359803597513043,4.392148350944041,12.097811429294055
在,0.0397087308180711,0.9919112907542701,0.0851118826684453,881.7754261616819
地,0.0032862397918403,0.9071086251537973,0.7380033069380294,79.796670830057
场,0.0004874589024563,0.584596218375967,2.6584735810278017,18.366517784113533
圾,8.078672821607577e-07,0.0026167687822234885,4.884997432696335,6.800165600469029
址,1.196738990861868e-05,0.03577961343956403,4.86586049038717,7.367304426599092
均,0.0005723534304121,0.5885082337372667,2.4387020879672177,21.421829865409556
坎,1.895064946627947e-05,0.05560138706534648,4.69476082917731,7.507291711406441
坚,1.98269800774369e-05,0.059110349989956394,4.719535995102426,7.388186646910096
坦,3.532707776228398e-05,0.07979451209879762,4.657032824479032,9.751681531656992
垃,4.984130350957895e-07,0.001390364182527971,4.695995001833779,7.895972729434397
型,0.0004765047698168,0.5992053549567103,2.5754089661740043,17.51605843741209
埃,7.038030220858127e-05,0.19328039853298956,4.381172477478355,8.02062356551318
城,0.0003450551781432,0.565141699211786,2.765709522296013,13.44856712801848
域,3.1493131338470215e-05,0.1040832401015181,4.588923856383885,6.66468856582081
基,0.0001539055635845,0.34347029393197365,3.691796036339361,9.869836465670737
堪,7.530966189634182e-06,0.03011651435702107,4.9234425053555695,5.507960423685333
塑,6.271240936095374e-06,0.021287829624910923,4.706492758409224,6.488837819720874
塔,0.0001311757383576,0.3058311606428184,3.966516226146894,9.447493538490876
塞,9.064544759159688e-05,0.28718433755717737,4.0606526424704334,6.9523250042622475
境,5.586607646128629e-05,0.15987851528990224,4.5002471822842764,7.696670312663945
增,6.709406241674089e-05,0.18404877801452618,4.443483363196295,8.02963804921503
墨,1.6129960311616486e-05,0.061867765501533986,4.8280653881914475,5.742667707412211
壁,1.6896749596379236e-05,0.057396474258159275,4.579730804648613,6.484295104157105
士,7.202342210450144e-05,0.1355616172659898,4.398029406241442,11.702585697963153
处,0.0008270370142798,0.6773105491630824,2.0638813568500076,26.895642668761806
备,7.886975500416888e-05,0.18524954334459853,4.2940944899146745,9.377739504666721
复,0.0002125101732056,0.3889946005747651,3.515000540769347,12.033195458870994
夏,7.202342210450144e-05,0.1933343803373239,4.337740000332532,8.205583717918083
外,0.0007722663510824,0.669522270360941,2.1229167740019776,25.406620690042747
多,0.0044364237189845,0.930699220632559,0.5678758702078757,104.99496844003562
夜,9.721792717527762e-05,0.21071246573586067,4.106120778619255,10.162509085972072
够,0.0001938881477185,0.37858520441604376,3.3085010109608257,11.280606330950922
大,0.0046555063717738,0.9289850266481161,0.5892377793023822,110.38321276864069
天,0.0009721792717527,0.7202510020790408,1.9423255737726675,29.730848570663984
太,0.0011967389908618,0.74824603977496,1.679921118812,35.22896085819161
夫,0.0001065289399188,0.23006210473620042,4.1059729044318996,10.199228829837145
失,7.038030220858127e-05,0.13724377066798926,4.022556009967114,11.29544395115523
头,0.0003204083797044,0.4873826068534136,2.9990099117491917,14.480336632224196
夷,9.72179271752776e-06,0.030580741757622314,4.912277824235488,7.002339461025408
奇,0.0001040642600749,0.2686735957652709,4.22941077973563,8.53142214616515
奉,3.36839578663638e-05,0.10462820603647427,4.697470779320697,7.091190548737182
奋,5.723534304121978e-06,0.01615681638597327,4.715767141674984,7.802851104045108
奏,2.4975422417986817e-05,0.08235327138089599,4.7389651959875065,6.680005279404728
奢,1.53905563584524e-06,0.005624312081245364,4.772346851044469,6.02739603164826
女,0.0008270370142798,0.7415468378647601,1.7979486986093338,24.56581509878324
她,0.0046555063717738,0.9302943752486895,0.570795209712024,110.22785322975626
好,0.0047650476981685,0.9369355495996686,0.5326972451313016,112.02175024651031
如,0.0012515096540592,0.7608466566604762,1.5545880622287025,36.23113060389866
妻,3.779175760616426e-05,0.10793144636085379,4.627436334244548,7.712477542964883
始,6.134314278102024e-05,0.1523987475380799,4.275896553564625,8.866035043197908
子,0.0003861331755412,0.42966559633023277,2.9205549989604154,19.794810792254925
孔,3.4505517814323886e-05,0.08546112608643627,4.452997489992496,8.893337154258791
字,0.0004053029076603,0.5500027535870816,2.805382447423862,16.23153806756685
存,7.366654200042163e-05,0.1638370164237516,4.019485980853484,9.903827614860958
季,8.270370142798264e-05,0.22991600408951615,4.13917691870584,7.923198986609531
孤,8.653764785179642e-06,0.026647405973888826,4.730906888339218,7.153111046675178
学,0.0006709406241674,0.6821487893257817,2.0722216694285738,21.664556090726403
孩,8.653764785179642e-06,0.026936324421004326,4.692860740289504,7.076386928590285
它,0.0028754598178603,0.8894827984885746,0.8301197303171626,71.20566854138507
安,0.0002278459589009,0.41603251763051463,3.397073809456015,12.063098453935634
完,0.0004326882392589,0.5444811607029324,2.7672449358693916,17.50398983418854
官,0.0002497542241798,0.3895105231050679,3.409601455770914,14.123374208611406
定,0.0003067157139051,0.42746876727600763,3.367836357630183,15.804343377204654
实,0.000185124841607,0.3741125128869591,3.5414193785130563,10.89951779468464
客,0.000101873433547,0.24675689840398465,4.08575605822395,9.093612838936039
宣,3.970873081807114e-05,0.11905985370972053,4.663667900028818,7.346246227144675
家,0.0011967389908618,0.8148949286870492,1.3698638859203964,32.34764325997195
容,4.326882392589821e-05,0.1254564445618922,4.479465512749728,7.596734257163911
寄,7.038030220858127e-05,0.20153728616121322,4.334312490434264,7.6920223982048626
密,5.586607646128629e-05,0.14695578853801114,4.5032186821602185,8.373485893318815
寒,7.886975500416888e-06,0.027785734099309997,4.803285191441898,6.252208254189161
察,2.0785466683390346e-05,0.07236315229319339,4.789507627477484,6.326843931229023
对,0.0116935365926319,0.9732161413435919,0.24675111198241015,264.65578696869727
寻,2.9302304810576632e-05,0.07961727533630632,4.569545318782739,8.106610178417464
封,0.0001311757383576,0.2507595344783137,3.6909853635845744,11.52234518242045
将,0.0053401396617406,0.9456036481925686,0.4569039840193523,124.39080985320636
尊,2.615299167672961e-05,0.08869799687091376,4.655549525158709,6.494599618046764
小,0.0021251017320567,0.8384181885668168,1.175758730916228,55.82951473374562
少,0.0004545965045379,0.5651031980211123,2.7395620227950594,17.719160664294556
尔,0.0002497542241798,0.44336865866257014,3.2563994174698623,12.407739628234738
尘,1.0652893991882534e-05,0.027895669284663353,4.65169423260829,8.411542405863962
尚,0.0001141968327664,0.20228098485133403,3.9535303278706087,12.434943564532404
尝,2.226427458971851e-05,0.05514030519838341,4.371574569164149,8.89373537074649
尤,4.765047698168536e-05,0.12488451764782539,4.386505980830715,8.404337231802518
就,0.0108993619762705,0.9775937811821722,0.21081547340935797,245.5768729064796
尽,0.0002555051438155,0.42126724965208645,3.437579640519529,13.359394340047075
尿,7.202342210450144e-05,0.1770852987971839,4.379115922794803,8.958515778470455
居,9.721792717527762e-05,0.21766296815548794,4.359808986486188,9.837995712888437
届,0.0003970873081807,0.5237098655391165,2.9963575612197024,16.70090748088224
展,6.873718231266108e-05,0.1785782769219081,4.37038519510439,8.478283143606026
属,0.0004244726397793,0.5746326536719655,2.6766793950854444,16.270624408802554
山,0.000267554689719,0.349747520231458,3.538634200874527,16.850110094949596
岁,0.0012241243224605,0.7805510636291751,1.5556504671460385,34.54371376025287
岗,2.1743953289343784e-05,0.048904757490788986,4.127792649435952,9.793371196285202
岛,0.0001938881477185,0.3362470423951847,3.520088615631056,12.700990983649262
岸,2.226427458971851e-05,0.06124445845278723,4.54417542082561,8.00730866245909
峰,4.326882392589821e-05,0.13793810222617603,4.445342476469457,6.90932566712124
崇,7.366654200042164e-06,0.02251442648283187,4.606148114606763,7.206994896500188
工,9.283627411949046e-05,0.1606817172849552,4.271608999728232,12.72612124740914
己,4.4364237189845e-05,0.09031398059330327,4.435995455020399,10.819890193692457
已,0.0022784595890093,0.8540927137097167,1.1119563154606364,58.75991142013154
巴,0.0001372005113093,0.2535234342926844,4.100238976690793,11.920169738216154
币,0.0001065289399188,0.2014939667044205,4.220342844472631,11.64529186484565
市,0.0008078672821607,0.6843436672908706,2.131993855268074,26.002229446645615
布,0.0001689674959637,0.32462384822168705,3.585246623140703,11.46482857210471
师,0.0002555051438155,0.39896964205751756,3.1843796511086753,14.106023911057218
希,6.408167594088722e-05,0.16877866251383655,4.340371613168177,8.362981565102318
带,0.0012515096540592,0.7916855110120186,1.5031729240918372,34.819804333373575
常,0.0003012386475853,0.4407133667588065,3.159397533708664,15.055642210059785
平,0.0001651335495399,0.2981766271410127,3.877969368431832,12.198502999349726
年,0.0119673899086186,0.973958024983952,0.24220934688737486,270.64749990601086
并,0.0053401396617406,0.9415143432782045,0.4733717659477096,124.93107984873646
床,0.000101873433547,0.25438703890467146,4.133310516427698,8.820857025909211
应,0.0009502710064738,0.7072444880960369,1.9516757106877296,29.59529861623958
底,9.064544759159688e-05,0.22576644935288206,4.254479418244952,8.843647302573684
府,0.0001728014423876,0.34808455935941945,3.7728499333639416,10.93471387253804
度,0.000267554689719,0.4594115490803599,3.2626178918578166,12.827897411662216
座,0.0001810170418672,0.36439270935441276,3.693951424930309,10.941946912244644
庭,1.769092421274066e-05,0.051439593960191085,4.672782850293787,7.5752646366534915
康,3.970873081807114e-05,0.12840546502659714,4.636740241267976,6.811571461839752
延,1.895064946627947e-05,0.048926830299733055,4.626671529896963,8.531430090631773
建,0.0002125101732056,0.38793187125230005,3.532902978769154,12.066160086437721
开,0.0011693536592631,0.774116030672176,1.5917462147673904,33.272438959087054
异,6.873718231266108e-05,0.1776181938836481,4.303977344246324,8.524110970484358
弃,3.067157139051012e-05,0.09844934898678977,4.655682709397558,6.862273088232364
式,0.0004326882392589,0.5516559424755499,2.621375088056782,17.276334700724654
张,0.0004135185071399,0.5789237874428557,2.658228397042425,15.733247537242734
弱,6.408167594088722e-05,0.15037087392439727,3.9673669050661875,9.38674363158589
强,0.0004244726397793,0.541418332517986,2.775721283650885,17.268776322086342
归,0.0001506193237926,0.28739124897680773,3.7571170854373737,11.54388449671392
当,0.0021251017320567,0.8369315781331548,1.20102905672378,55.928682624261356
录,9.721792717527762e-05,0.24807208483828858,4.169188944900345,8.632036728212132
形,0.0001114582996065,0.27680251988547955,4.055707497896093,8.869256048845228
影,6.873718231266108e-05,0.21056082151575564,4.266205084951062,7.1904981379830515
往,0.000287545981786,0.37581687799464314,3.2673924435515964,16.852946482977604
征,7.202342210450144e-05,0.1679338557184703,4.324890262067086,9.446704100388517
径,1.5746565669235108e-05,0.040070885176860735,4.6465651302359925,8.655690748238603
待,0.0002278459589009,0.3915407840325886,3.4617656009388225,12.817671682952703
很,0.0050936716773525,0.9366550457191734,0.5301436249294831,119.78324942992825
律,3.2862397918403704e-05,0.10527003249185925,4.625206059719096,6.876054529013496
徒,1.98269800774369e-05,0.04710970523980096,4.417301858572992,9.270240521925697
得,0.0030123864758536,0.8797844026255586,0.9036716949532169,75.41873608251223
御,3.4505517814323886e-05,0.11008104318601739,4.575489341471448,6.904318726204071
德,0.0003149313133847,0.5171176565813205,2.9845518859584512,13.414401372100091
心,0.0006271240936095,0.666501379075752,2.195480755292621,20.725129505574284
必,0.0001311757383576,0.3040423180624458,3.890094731101887,9.503078165088732
忆,7.886975500416888e-06,0.021337407855622326,4.510891778025642,8.14167293702623
志,8.653764785179642e-05,0.21576780108017737,4.237358379983507,8.834119506377721
忙,0.0002029253071461,0.3320880252030297,3.712987234525298,13.45946555592165
忠,2.555051438155888e-05,0.07424085296373434,4.809207941693317,7.580563915935044
快,0.0016896749596379,0.8349276839603931,1.2146787114329483,44.57579790176311
态,5.230598335345923e-05,0.14956891715569337,4.465896546212042,7.702910304548152
思,4.0530290766031234e-05,0.10498745989503683,4.598287216477029,8.503292337047586
性,0.0005860460962115,0.602259270132567,2.5066157638842896,21.433500375247423
总,0.0009721792717527,0.7504199087829568,1.7337171037040124,28.535588175438996
恢,1.769092421274066e-05,0.05516644342670021,4.763280839044789,7.063506596509228
息,2.3852623822441357e-05,0.07265779852044689,4.829618322042686,7.231006353620043
悄,2.1743953289343784e-06,0.005936540971682239,4.420560825712274,8.067702146017327
患,4.0530290766031234e-05,0.11936447794286582,4.71033836460213,7.479101643948628
情,0.0001689674959637,0.32913138116380536,3.700921203729601,11.307815004204352
惊,3.614863771024408e-05,0.09899009098868508,4.480197659899403,8.043499345248234
惋,2.029253071461429e-07,0.000602151008303466,4.612590963362765,7.422934239283971
惜,4.326882392589821e-06,0.013098260560794639,4.67451685262143,7.276227753767419
惠,2.615299167672961e-05,0.0713272619284347,4.7057294498508675,8.076266507711034
惯,1.5746565669235108e-05,0.045195024783648466,4.613617517855355,7.674322378612166
惰,1.224124322460538e-06,0.0034708048902769256,4.674601327273235,7.768553223144927
想,0.0029302304810576,0.9022977010900344,0.784716574346483,71.53140408530751
意,0.0001728014423876,0.3778417013153886,3.7550345573813053,10.073544150349498
感,0.0001612996031161,0.37578648177471485,3.6475827506219547,9.454465136621456
愿,0.0001651335495399,0.35083459561089764,3.7284966254734693,10.36758782064264
慧,1.0652893991882534e-05,0.037232051063777784,4.627041160448541,6.302247617945066
慨,8.078672821607577e-07,0.0028739528125842078,4.942293225795626,6.191632993882363
慰,6.57247958368074e-06,0.0218455707671516,4.813612767657933,6.626903836941286
憩,8.462067463988953e-07,0.0026844788812425743,4.552957185295696,6.9432261453524555
憾,1.769092421274066e-06,0.006804668757793321,4.887436473711721,5.7264879587880975
懒,2.7933038230643147e-05,0.10527026676945404,4.695383136381984,5.844633342477855
成,0.0011145829960658,0.761633508011529,1.5674683605884927,32.23377645557174
我,0.0244003304544147,0.9887831289160248,0.11340161860240644,543.5499741235884
或,0.0036148637710244,0.9184904070419952,0.6497072158777552,86.68862798663335
战,0.0002330491719046,0.3717018137566517,3.079255447892489,13.810127966783002
所,0.0030123864758536,0.9055455521562767,0.7564574140759882,73.27320808227743
才,0.0020292530714614,0.8603567007749495,1.0436420922021377,51.952025627615626
打,0.001089936197627,0.774006859328593,1.5939136099658784,31.017092531166846
扔,6.873718231266108e-05,0.15165635591388368,4.324489255423304,9.983341521808365
找,0.0008872847437969,0.7241955423998742,1.8119599445010275,26.98683700086201
承,4.874589024563216e-05,0.13436061097976176,4.4736882170702685,7.991178934833413
抑,4.874589024563216e-06,0.010896583661291346,4.060122447946445,9.853544170426494
投,0.0002174395328934,0.40085522076179797,3.5714964835838776,11.948015606765082
抛,3.4505517814323886e-05,0.0954895396001949,4.2477851719695625,7.959349380586474
抵,2.226427458971851e-05,0.0710617233151164,4.7947184235617515,6.901089078883899
担,3.1493131338470215e-05,0.06557359109229202,4.685247001683319,10.578685239639256
拉,0.0004545965045379,0.5457314324276168,2.806043183853518,18.348135662812215
拍,0.0004436423718984,0.5137969388405544,2.807164087388485,19.018940735222078
括,7.202342210450144e-06,0.018882426741423663,4.637828931980764,8.401576053407831
拾,1.98269800774369e-05,0.05757959292015674,4.712698949139993,7.584602049819239
持,0.0001040642600749,0.23430642519899653,4.164801538651158,9.782778526260714
挂,0.0002174395328934,0.3632310516086465,3.6446650149139264,13.185613984554001
指,0.0005860460962115,0.6079464741764548,2.450868137972239,21.23299474656703
按,0.0004765047698168,0.5826626214157519,2.670349588265632,18.01336764649418
挑,5.8604609621153264e-05,0.15950272236104415,4.444096271657727,8.092980546854928
挤,4.874589024563216e-05,0.1357472611538644,4.530616910237908,7.909549518762085
振,8.653764785179642e-06,0.026898565617115244,4.660040932138767,7.086320391589141
捕,1.8101704186720703e-05,0.04783004229040438,4.251004720059163,8.336111552560833
据,0.0006709406241674,0.6855985239754107,2.0926438714759485,21.555546273462433
掌,2.615299167672961e-05,0.09351014484407989,4.642799826630414,6.1603794706967525
排,0.000101873433547,0.26998695952869745,4.081593802161039,8.311185485919742
探,4.244726397793812e-05,0.11770461776899113,4.49866401189903,7.943301000544927
接,0.0002330491719046,0.44547193223065623,3.360994527467233,11.523171814126352
控,7.530966189634182e-05,0.18039538874651673,4.294969001374163,9.195388547925186
推,0.0002029253071461,0.3811683648418248,3.564818304104753,11.726385894089196
措,3.204083797044361e-06,0.009402457621436138,4.65168285088275,7.5059782240754656
描,6.408167594088722e-06,0.017596704203404437,4.566769065394347,8.021347786892726
提,0.0003779175760616,0.47385843452355647,2.8837807445003367,17.56682577729507
揭,1.98269800774369e-05,0.04803183576098912,4.277017343843074,9.092267484073043
搜,7.886975500416888e-05,0.19354766204604865,4.365014835931256,8.975680421449853
携,2.4975422417986817e-05,0.0781624587233339,4.63962865759334,7.038165080602917
摄,7.886975500416888e-05,0.21986688114581543,4.271353915069893,7.901244388380569
摆,0.0001089936197627,0.2589230847129833,4.200764834459322,9.27203628914166
摸,0.000101873433547,0.24922143755978932,4.306296697966622,9.00368652630128
播,4.135185071399132e-05,0.11561578894930997,4.589822808771445,7.8781205714301334
收,0.0002078546668339,0.4007773088598711,3.3834246758511872,11.423560186908224
改,0.0002930230481057,0.4858435308731934,3.018595684793252,13.284651819054035
放,0.0004436423718984,0.5168992479792609,2.6404980830191214,18.904793473677284
政,6.408167594088722e-05,0.15325213787676675,4.011174529120126,9.210265270954013
故,0.0002029253071461,0.27470472739089913,2.8361172116515334,16.271024453080816
效,1.2816335188177445e-05,0.037599639348583805,4.5129922741827135,7.508012670547091
教,0.0003204083797044,0.5015162031326007,2.939712662622134,14.0722556357016
数,0.0003450551781432,0.5611760754973771,2.7591203050741084,13.543603176517912
敲,3.36839578663638e-05,0.09971796202102734,4.4857741249759115,7.4403701273068705
整,7.038030220858127e-05,0.21356600007979074,4.17591496948506,7.258783320595466
文,0.000267554689719,0.44482524068990265,3.2528152837328697,13.24853826234203
斗,6.572479583680741e-05,0.1619040053627242,4.321504108721184,8.9416254040581
料,8.653764785179642e-05,0.2295985434484316,4.053195461629981,8.30196268557227
斯,0.000267554689719,0.4871433947118881,3.130547801566525,12.097637544323375
新,0.0033683957866363,0.9192471688403131,0.6517458532179654,80.71153993470074
方,0.0002226427458971,0.3938635846098958,3.578463818220077,12.4510947916689
施,5.093671677352574e-05,0.12968158260437004,4.378527915444555,8.65162058620662
旅,5.093671677352574e-05,0.15187900165196666,4.5227392829990904,7.387168979967377
族,0.0001372005113093,0.334376792795338,3.86420560504407,9.037835263986128
无,0.0012241243224605,0.7661997181829167,1.648060224400545,35.19073666747314
既,0.0003368395786636,0.518280408793069,2.836604526044315,14.315388604112162
日,0.0054770663197339,0.9358695901029934,0.5488190350771452,128.90729138258467
旧,0.0002793303823064,0.3601768051092332,3.3242557159999997,17.082335741903883
旨,1.9388814771858185e-05,0.0477146260492398,4.593191520504409,8.95044351669988
早,0.0003970873081807,0.5165118102532795,2.9657113294033297,16.9336496040722
旬,3.614863771024408e-06,0.009188430075581898,4.592866957828367,8.665536174340717
时,0.0041351850713991,0.9148018573377813,0.6508309324119803,99.5663834739417
明,0.0002615299167672,0.3526915456291577,3.17375629660421,16.333194933026316
易,0.0001089936197627,0.180572863471572,3.6833914850610157,13.295155160084372
星,0.0001372005113093,0.2829742263199994,3.8819499795157846,10.679567565870233
春,5.8604609621153264e-05,0.1669732415613268,4.42258436229012,7.7308939873711555
是,0.0405302907660312,0.991756196288567,0.0869937501983114,900.1598039441947
昼,9.283627411949046e-07,0.0031867277415880595,4.805306322800217,6.4167860646646675
显,0.000101873433547,0.23991434440853654,4.087922876427812,9.352970140049154
晚,0.0001506193237926,0.3133529599607347,3.7147627165543797,10.58745825783915
晨,7.366654200042164e-06,0.022783405161237832,4.860244137634256,7.121909811596495
普,5.8604609621153264e-05,0.15204755743011703,4.5207880955418585,8.489793924059747
晰,3.970873081807114e-07,0.0011835710290630428,4.478280066491455,7.389864905799782
智,3.697019765820416e-05,0.10254863933602418,4.658958314993555,7.940844456037702
更,0.003149313133847,0.8876745609330698,0.8786782973904369,78.14602453730429
曾,0.0010406426007494,0.7685970296585211,1.65224390731422,29.822752060607364
最,0.0029302304810576,0.9107458717601513,0.7350206729371848,70.86787155804186
月,0.0075309661896341,0.9501450780973112,0.43372170088637885,174.58446399575243
有,0.0185124841607007,0.980398292945235,0.18445040823237926,415.91728798058284
望,8.462067463988953e-05,0.20572566992654587,4.262886892557563,9.060096370834502
朝,0.0001470592306848,0.2772401751529652,3.679718906930968,11.683714716678908
期,0.0005723534304121,0.6411456118655852,2.2765714520622575,19.6631202400796
未,0.0007886975500416,0.6844628044706251,2.0943644194516944,25.380808854726773
末,6.572479583680741e-05,0.15477545679046223,4.41899232139248,9.353453043462796
本,0.0009064544759159,0.7179521050986142,1.8638853000557183,27.809638507249165
术,0.0001089936197627,0.25054865412304633,4.052533797475569,9.581948248567551
机,0.0003067157139051,0.48976149261218405,3.1471500163479598,13.794190198636167
杂,3.36839578663638e-05,0.09861495062919191,4.598203881506394,7.523590906281353
权,0.0003368395786636,0.5110982571475008,3.003758137195172,14.516554016793858
杆,2.4975422417986817e-05,0.06707163523409036,4.515927290148651,8.201981145690436
束,1.6129960311616486e-05,0.04377607697623492,4.779458784115225,8.115985799008154
条,0.0006134314278102,0.6803722172115308,2.1426180904011276,19.85931526936521
来,0.0077226635108248,0.9583846649159944,0.3652338931585751,177.48925863801725
杨,0.0001065289399188,0.2263362554861558,4.031938661847269,10.367124110268726
松,9.283627411949046e-05,0.2313565110295306,4.182965448568982,8.838545357166323
板,0.0001114582996065,0.25382675034275115,4.077816651827619,9.672079166261142
极,0.0002330491719046,0.43484556059462814,3.4220376294062085,11.804764906522806
析,1.1693536592631985e-05,0.03557686127039628,4.857899810702879,7.239741634888189
果,7.72266351082487e-05,0.18043240558963128,4.411102663033317,9.427518472089867
某,0.0002615299167672,0.49120011556770266,3.178863470772151,11.727561910960894
标,6.572479583680741e-05,0.16633480121675248,4.349211980270928,8.703440030469638
校,5.477066319733951e-05,0.1429674400338617,4.346293623799497,8.438313920913338
样,9.502710064738405e-05,0.23663973283433368,4.04038810029382,8.845138375196703
核,8.462067463988953e-05,0.2188536592670511,4.237499369052031,8.516624312936989
根,0.0001281633518817,0.2752645232936564,3.994393084497176,10.25553766461375
格,0.0002440033045441,0.4444826405411343,3.3418592364279456,12.091654321566342
案,0.0002555051438155,0.45870825133241855,3.2242588504798815,12.268964629046645
桌,1.6896749596379236e-05,0.04838080508656359,4.696036544002938,7.692630917616185
棕,7.202342210450144e-06,0.02234872590401957,4.6784032613894535,7.0984871809824215
森,4.984130350957895e-05,0.15616717991074197,4.441834766805892,7.029823856394084
榨,3.0123864758536727e-06,0.010435791474626087,4.685097631337193,6.358140427820945
模,3.204083797044361e-05,0.10187423702405557,4.777976722115487,6.92762411978872
次,0.0007886975500416,0.6848758393481891,2.0477253295277205,25.365502198139556
欢,1.6896749596379236e-05,0.054160084482805224,4.6982276408936166,6.871770614505228
欣,9.283627411949049e-06,0.025044110216514395,4.336557642873489,8.165013644852333
欧,0.0001341881248334,0.27670987397914565,3.475851546515674,10.68154923136171
正,0.0009502710064738,0.7074068536993562,1.9591544159070984,29.588505837105323
此,0.0013117573835762,0.7654465285459909,1.55268547997152,37.747090179259075
步,0.0001040642600749,0.2247084819920099,4.186389374763993,10.200629031364999
死,0.0010652893991882,0.755306793267758,1.6829360015569295,31.06626436030325
殊,6.1343142781020245e-06,0.019480916041733666,4.601654172138331,6.935878340204797
段,0.0003861331755412,0.5648528255520388,2.788881914450174,15.05728359415771
母,6.873718231266108e-05,0.18403612113594275,4.437884895622601,8.226847999707852
每,0.0008270370142798,0.7551093461925442,1.7245197863416872,24.12458883991623
比,0.0016513354953997,0.8233264161776622,1.2676216617614884,44.17820695470422
民,0.0001040642600749,0.2294986928923283,4.157862292180342,9.987716427112941
水,0.0005477066319733,0.6295386571226224,2.4190955288210656,19.16330515728573
求,0.0003368395786636,0.5067768256628089,2.9352265756979072,14.640340840501425
没,0.0032040837970443,0.9096372859817419,0.733605085948026,77.58547637273003
沫,4.765047698168537e-06,0.01456989522786566,4.571244410908223,7.203700403664942
河,0.0001506193237926,0.2740380844929604,3.9080822864082587,12.106388021551965
沿,4.6555063717738575e-05,0.10712152655616747,4.374518488036147,9.572711961084133
法,0.0005723534304121,0.596800440310043,2.4363314537147405,21.12418558364837
泡,6.408167594088722e-05,0.1431628801271093,4.320147314162304,9.859349308512277
注,0.0002125101732056,0.326496012403789,3.547302793877149,14.336616324038383
泵,8.872847437969e-06,0.02904238391724752,4.905431880392702,6.729388026542042
洋,2.9302304810576632e-05,0.0810042246224975,4.5306027019499595,7.9678093041077105
洞,7.886975500416888e-05,0.18730712662074256,4.215468934489604,9.274724310739227
津,2.330491719046796e-05,0.07912172114144078,4.8101676619838285,6.487788105986823
洲,4.765047698168536e-05,0.10272218525190481,3.6870596886761096,10.217574701798462
活,0.0002930230481057,0.43560528445945773,3.267371346058618,14.81676732686862
流,0.0001404867511011,0.33404406253580066,3.8361878622463963,9.263528273071055
浅,3.697019765820416e-05,0.1076280843565972,4.493464815429816,7.566080907355317
测,4.874589024563216e-05,0.13341154489554247,4.177131417793833,8.048026765400973
济,4.545965045379179e-05,0.13311832970644813,4.539876071290271,7.521995190086972
海,0.0001982698007743,0.40211922799229527,3.522737578081288,10.860418206567177
消,4.765047698168536e-05,0.10029543525955803,4.063360938311533,10.464799306439968
淀,3.861331755412436e-06,0.009892100431914456,4.512302476086738,8.597920372764824
深,0.0002029253071461,0.40178559600184194,3.491403136547505,11.12465797985881
清,0.0002125101732056,0.3953711360180936,3.455965129362471,11.839124394117094
渔,1.651335495399786e-05,0.04109981134809871,4.57000243214762,8.849939601208467
渗,2.440033045441475e-06,0.00826080253432514,4.537866876242081,6.506063326207493
港,0.0001281633518817,0.28930385359438987,3.856968379139084,9.75785718474365
游,7.530966189634182e-05,0.2025189583505099,4.330581272518669,8.190866204769097
湾,7.886975500416888e-05,0.19542675283472927,4.34899881176484,8.88937638089533
溜,2.2784595890093238e-05,0.061534647376279866,4.587129672573203,8.155797480284075
滑,3.36839578663638e-05,0.09086570716279385,4.386668779147776,8.16522062000712
满,0.0001539055635845,0.3481605164637103,3.6990488993341417,9.73687558358671
漂,5.58660764612863e-06,0.018041627404629834,4.5731181930671845,6.820516767510677
演,0.0001141968327664,0.27579684018741935,4.100204848367998,9.120309823328832
灵,4.4364237189845e-05,0.11317738612078457,4.688992556915707,8.634121943158718
点,0.0013720051130933,0.7984616549505278,1.474889753033559,37.84830931639659
热,0.000267554689719,0.46664225460672243,3.17071249670544,12.629126837865188
然,9.064544759159688e-05,0.24733792979926386,4.1099532652237025,8.072352074959415
照,0.000185124841607,0.3733049517535228,3.6247040529960026,10.9230964450691
爬,8.270370142798264e-05,0.1966853106536079,3.9030533938209238,9.261852064873313
爱,0.0019826980077436,0.8642929085500244,1.0328348513321028,50.52896930771028
父,5.586607646128629e-05,0.15132578823631565,4.366629572497338,8.131675615942848
片,0.0002029253071461,0.3586468161956102,3.5856555026050296,12.462754818702692
牙,5.340139661740602e-05,0.13331656615465534,4.5556372339719235,8.822939788470745
牛,0.0001895064946627,0.31937408520011906,3.6391009128002034,13.069809092262966
物,0.0001728014423876,0.3099753780766857,3.3557835481161833,12.27905610974723
牲,4.874589024563216e-06,0.014450082536992648,4.538578817465169,7.4304051993067555
特,0.0002930230481057,0.4891735968152556,3.0456452157513683,13.19421609876414
牺,1.3418812483348177e-06,0.003818084667176593,4.285331732201001,7.7412902000929735
状,7.530966189634182e-05,0.19815429423772818,4.174616996483784,8.37128308603871
狩,2.555051438155888e-06,0.00857227056076243,4.569285785647624,6.565209614838251
独,6.271240936095374e-05,0.1465133949812615,4.058396658773866,9.428030385041799
狭,8.270370142798265e-06,0.02714885905094884,4.6876907155556164,6.709932992722583
狱,1.769092421274066e-05,0.0606095832319411,4.573872472353722,6.429157177327293
猎,1.5061932379268363e-05,0.04507648407570774,4.519921939111841,7.359960413026899
献,4.244726397793812e-05,0.13467319428142824,4.439344942791953,6.942459582115363
率,0.0001810170418672,0.37580921955213736,3.627957408371356,10.609547274323383
王,0.0003532707776228,0.4229386035724599,3.3253889276767197,18.398194522530133
环,0.000101873433547,0.22811322728901867,4.188265756552919,9.836832901318267
现,0.0003204083797044,0.4694430305490582,3.225358056160238,15.033696863438433
玻,8.462067463988954e-06,0.024379872354555212,4.662667666931881,7.645218024042441
珊,1.98269800774369e-05,0.05691341349844555,4.443323080130591,7.67338087183799
珍,1.895064946627947e-05,0.06462690656472714,4.77685288671304,6.45885521134009
班,0.0001982698007743,0.3878841381199615,3.586985129047945,11.258988331066059
球,0.000185124841607,0.375974258878903,3.6219241147725647,10.845545659387708
理,0.0001281633518817,0.2753929897749586,4.067439949143433,10.250753618227124
瑚,4.0530290766031234e-07,0.0013015245357416222,4.579802206604347,6.8591796673496095
瑞,2.2784595890093238e-05,0.0752253282770836,4.5877686231842425,6.67147799173538
璃,1.651335495399786e-06,0.005824539095764218,4.691943929674492,6.244800525354051
瓶,4.6555063717738575e-05,0.14234779225299146,4.543633622508552,7.203789411298482
甚,7.886975500416888e-05,0.2524791223397304,4.22564419831523,6.880655892436697
生,0.0005477066319733,0.5420622378865434,2.6971243153727853,22.25582331981914
用,0.0032040837970443,0.8775267142228909,0.9393856160620924,80.42449422384743
由,0.0032862397918403,0.8644973427407927,0.9627292206215693,83.72986797046352
电,0.0003012386475853,0.4655198567463002,3.2454019645383507,14.253361421546238
男,0.0004655506371773,0.5499913030368161,2.818928039993286,18.644722432728802
界,0.000122412432246,0.26876727550661256,4.017064103949114,10.032148618700703
留,0.0001728014423876,0.2995504365792246,3.799686685431306,12.706391295934822
番,5.997387620108676e-05,0.15164456605999238,4.422842619405378,8.711242130513282
疑,2.4975422417986817e-05,0.08540617826473361,4.654819247626847,6.441223559909532
疫,1.6896749596379236e-06,0.0059561145121383215,4.846718921256793,6.248631994391351
疲,3.7791757606164256e-06,0.011929579710331489,4.7678105456267375,6.977771861626406
疾,9.283627411949049e-06,0.027784239774590113,4.625955711835209,7.359765942850687
病,0.0002029253071461,0.37583032223851603,3.4250925679621576,11.892939638642467
症,4.765047698168536e-05,0.10554293522463706,4.33323614203003,9.944498881989729
痕,5.723534304121978e-06,0.01877176059539448,4.824581893089018,6.715898167062488
百,8.270370142798264e-05,0.17459367806293033,4.416856477196435,10.43376982957405
的,0.1689674959637923,0.9983234667375945,0.02096788111075594,3728.0068978473314
益,9.283627411949049e-06,0.029407495737153563,4.634234263541661,6.953516323482038
盖,0.0001065289399188,0.25215091025976877,4.002330010010722,9.305760779769233
盗,6.271240936095374e-05,0.18062301982470286,4.39548951131726,7.647600737932334
目,0.0001341881248334,0.22991847477071858,4.122010563095786,12.855383390393659
直,0.0001311757383576,0.31150938642738923,4.040591530108853,9.275283634882307
相,0.0003970873081807,0.5209372874641062,2.948867056793099,16.789794513983054
盾,3.532707776228398e-05,0.09142959829957191,4.703231970919126,8.510708615517
看,0.0039708730818071,0.9175386879679168,0.6460701798884153,95.32491791234546
真,0.0008462067463988,0.7396349920552132,1.8190979130265161,25.20019219628331
眠,7.366654200042164e-06,0.024358063707863187,4.814976371432687,6.661504736397307
眼,7.886975500416888e-05,0.18941032286622791,4.274342307982924,9.171738554455843
着,0.0045459650453791,0.9465395152527726,0.4641933072284509,105.78696606204514
睛,2.385262382244135e-06,0.0072773375132163,4.401679395932002,7.2195222742829035
睡,0.0002497542241798,0.4102706877385415,3.3251167936201247,13.408715368695011
矛,1.1693536592631985e-05,0.03375028489862598,4.656809953113713,7.631558801698145
知,0.0001728014423876,0.33399403772665465,3.52584483934249,11.396026964884882
石,8.270370142798264e-05,0.18877066624119024,4.2420515028698285,9.650176517785019
研,2.226427458971851e-05,0.06424246061658166,4.695758019044097,7.6336316820660635
破,0.0001574656566923,0.3513851441476396,3.732905228447312,9.870684514574753
硬,0.0001065289399188,0.2404760901587645,4.185606582778858,9.757544085689835
确,7.72266351082487e-05,0.19563101517570095,4.241097293199014,8.695092826319609
碳,4.6555063717738575e-05,0.14773294519192265,4.449142909485731,6.941197288266628
礁,6.271240936095374e-06,0.02304256470666246,4.743387304437773,5.99470049138918
示,2.029253071461429e-05,0.04908096945561999,4.54492909378447,9.106844030040568
礼,4.244726397793812e-05,0.10556995278007213,4.240785216097907,8.856338223821517
社,0.000122412432246,0.23467712906499133,3.914525225157593,11.489458996146569
祖,1.5746565669235108e-05,0.037589633240649976,4.7154758165436395,9.227043740453572
神,0.0003450551781432,0.48014569415769653,2.9236605420162007,15.829249686441871
票,0.0001574656566923,0.310028286253845,3.6432327928464927,11.187404681358194
禁,5.093671677352574e-05,0.1555549073065532,4.367126453745799,7.212603376766351
离,0.000287545981786,0.4691897253773994,3.188913349533157,13.499063150091162
种,0.0008270370142798,0.7184660432749478,1.8740426311683533,25.354994403126984
科,0.0002615299167672,0.4612742399150569,3.1490938727376987,12.48840552434097
秘,4.135185071399132e-05,0.12025298957145011,4.348718941176075,7.574324168984567
积,4.6555063717738575e-05,0.11021444905691752,4.451169860294038,9.304075167351707
稳,7.202342210450144e-05,0.18492808619407747,4.312896549386178,8.578585741404455
穴,3.697019765820416e-05,0.08362406825022135,4.371374323875408,9.737899760019411
究,1.3418812483348178e-05,0.03675012864550156,4.575073146766038,8.042666109349074
空,0.0001141968327664,0.23734158450758294,4.100502725521362,10.59802746334159
穿,0.0004326882392589,0.58431000613581,2.70419182981467,16.31084972321376
突,3.2862397918403704e-05,0.09155631022377979,4.652769509782694,7.905981378190622
窥,1.895064946627947e-05,0.05851521511252538,4.811248196583063,7.133458049426664
立,0.0001372005113093,0.25402819399129556,3.8204843015146945,11.896484094548342
站,0.0011419683276645,0.7560372712157527,1.6030725363276037,33.27021995569925
竟,8.872847437969e-05,0.2336835677592003,4.3204913098573785,8.363338187148509
章,0.0001281633518817,0.3281945577153394,3.948977065171503,8.601561543316535
童,3.1493131338470215e-05,0.1055329721332161,4.783589965989167,6.573134122694114
端,0.0001141968327664,0.285903181006233,3.6586317153322536,8.797917609561452
笑,0.0004326882392589,0.6025469688540137,2.539673381566546,15.817178069914743
符,1.651335495399786e-05,0.051394804505796116,4.567438811297646,7.077191003046149
第,0.0019388814771858,0.8652441301215156,1.0270099149425493,49.35798470128839
笼,1.196738990861868e-05,0.03952012582338715,4.631540959357971,6.670001650635234
等,0.0058604609621153,0.9526247962311448,0.4021924418914008,135.5048109544605
策,2.3852623822441357e-05,0.06255444180454166,4.477920448916683,8.398908016524759
简,7.530966189634182e-05,0.16932779713273988,3.9955025413781122,9.79641689000334
管,0.000369701976582,0.5533014447078622,2.8225064815300422,14.717525174284338
箱,3.4505517814323886e-05,0.09668003822586581,4.427591670914158,7.861339546574144
篇,0.0001810170418672,0.3902120015973582,3.4910937336245773,10.2179473328428
米,0.0005586607646128,0.6107126508712792,2.5314965298717578,20.1491195656237
类,0.0004984130350957,0.6264077469179425,2.4368284653206023,17.525769314374962
粉,5.8604609621153264e-05,0.16474758785361546,4.369490052507491,7.835334319949527
粗,4.545965045379179e-05,0.11193859840166938,4.544657648805415,8.945220416029272
糊,8.653764785179642e-06,0.030094671444316955,4.567775814826615,6.333740987661031
糖,8.078672821607576e-05,0.22283502143357034,4.121212865690447,7.985486725910419
糙,1.769092421274066e-06,0.0055182407813901034,4.548107213551988,7.06146310912313
系,0.0004436423718984,0.54774495018985,2.7373482180183863,17.84018917264334
索,5.230598335345923e-05,0.15326265458264607,4.557838533326997,7.51726476574518
繁,9.94087537031712e-06,0.037890633934756196,4.7911921816591825,5.778798836983234
约,0.0011967389908618,0.7056420062243435,1.7171708586190917,37.35595417366407
纪,3.779175760616426e-05,0.09419944506427402,4.578950474564163,8.836770276829432
线,0.0004765047698168,0.6091491045471031,2.483525052020923,17.230126310758454
组,0.0003204083797044,0.4464325066118628,3.272245174478461,15.808580494037159
细,4.874589024563216e-05,0.10778687392243644,4.196167231735189,9.961321309916222
终,5.340139661740602e-05,0.15554377527604704,4.435485377072217,7.562141486540969
经,0.0007722663510824,0.6935600888103536,2.0486581311337293,24.526062905052715
结,0.0001114582996065,0.24703577298253943,4.07652064800237,9.937963211520033
绘,3.2862397918403704e-05,0.09013131910633036,4.469791565142032,8.030976256223544
给,0.0041351850713991,0.9295842563329907,0.5817393485999445,97.98306276148915
统,6.873718231266108e-05,0.1830394627437661,4.229593622947951,8.27164356989344
继,8.270370142798264e-05,0.22709563064620333,3.9997561076467205,8.021599734982935
绩,9.502710064738403e-06,0.03216825224669303,4.840408890906019,6.506760659353001
绪,7.038030220858126e-06,0.020724696645636163,4.597933711824811,7.4801062024321325
续,5.8604609621153264e-05,0.17638177764681554,4.378170652540249,7.3185135474885525
维,0.0001141968327664,0.29520821057258,4.0260333899740885,8.520605256627668
综,1.3418812483348178e-05,0.04169325897596063,4.600947710079863,7.089131946768956
缝,2.2784595890093238e-05,0.06830690017175833,4.361877949762559,7.347195096830489
缸,9.502710064738403e-06,0.03194833647601243,4.641459476819179,6.551549823449547
缺,5.997387620108676e-05,0.1633011067645135,4.121884702777585,8.089427921821505
罐,2.1251017320567727e-05,0.07364251242985051,4.699875829158518,6.356176489255614
罗,0.0001938881477185,0.3760513268700039,3.5492489940187877,11.356616367468071
署,4.6555063717738575e-05,0.13066747826457467,4.354816241587634,7.847733285841061
美,0.0007366654200042,0.7013303521606714,1.95119827028046,23.136223358863138
群,0.000328623979184,0.5533599340412236,2.6330124535302986,13.080861825298705
老,0.0007886975500416,0.7352684755708376,1.829803395288847,23.627042618618944
考,0.0001114582996065,0.24441013368734768,3.9860173623967805,10.044724360612632
者,0.0011967389908618,0.7747166689722629,1.5282556213055536,34.02525271916243
而,0.0062712409360953,0.9338664122843037,0.5357880343418464,147.91545359470737
耐,2.1251017320567727e-05,0.055212958570124204,4.141593488019996,8.477806990216449
耕,7.366654200042164e-06,0.027178859979892604,4.662335381132154,5.970131082740106
职,0.0001281633518817,0.2718877218544633,3.9190238086249867,10.382909780240597
联,0.0001169353659263,0.29312329135895265,3.846304739140509,8.786994802895887
聪,5.340139661740601e-06,0.01562589488986716,4.3068144456517725,7.527530706423434
肌,1.5061932379268363e-05,0.04718016617462487,4.598403785262727,7.031792493644903
肤,3.697019765820417e-06,0.011777949737809011,4.6067924767458655,6.91396051327658
肥,4.545965045379179e-05,0.11369124819283004,4.534676035871051,8.80732203824518
育,1.8101704186720703e-05,0.052150320516925475,4.719453933288049,7.645524785741422
胖,4.4364237189845e-05,0.13358203273333613,4.502722455586348,7.315260390785703
胞,7.530966189634182e-06,0.021089019091351774,4.611184039540589,7.865731851219567
能,0.0053401396617406,0.941095884267748,0.47701688797270847,124.98663054970402
脉,3.861331755412435e-05,0.11447994009167639,4.3865800767089,7.429379484727465
脑,5.586607646128629e-05,0.14472006736850845,4.227410091048794,8.502844454399051
脱,9.721792717527762e-05,0.2530822875029384,4.07670225083869,8.46115059531142
自,0.0012816335188177,0.7672089752282161,1.645939444067623,36.79552478556251
至,0.0014377299089301,0.7878600132300355,1.4905743916809748,40.19509573964522
致,0.0001141968327664,0.2445128157333145,3.869106908432701,10.28720160642958
船,0.0001651335495399,0.3001767934848923,3.402518895193973,12.117220782754119
色,0.0001574656566923,0.31190614296702274,3.8653994845915998,11.120049986820659
艺,4.765047698168536e-05,0.12677189039748527,4.438524308273945,8.279213933407888
节,0.0002330491719046,0.4201792488300111,3.4012958327073117,12.216808963694026
芬,9.502710064738403e-06,0.030022330141476705,4.701543057481909,6.971847861660701
花,0.0003970873081807,0.5420533262060766,2.7108793711323558,16.135737183667544
苛,2.1251017320567725e-06,0.00634277419465712,4.613215721686862,7.379811920635998
英,0.0001689674959637,0.3532586044550098,3.79280464284595,10.535502103396253
莱,5.997387620108676e-05,0.17809632246780951,4.442225400976773,7.417404887537642
获,0.0003204083797044,0.5379797198170111,2.8904082642710733,13.118457733553491
菌,2.0785466683390346e-05,0.06079440142227061,4.6800544031098195,7.5307982350341325
萨,7.530966189634182e-05,0.20648213879462446,4.224928962376964,8.033652215449722
落,9.064544759159688e-05,0.23970128791562367,4.212088909747982,8.329529090949519
蒂,3.614863771024408e-05,0.10704324804881389,4.597065857894084,7.438364834468177
蓝,0.0001114582996065,0.3094722178965068,3.97118716782212,7.932965487231229
薪,1.196738990861868e-05,0.04464539940111055,4.783292527495485,5.904288191198205
藏,0.0001574656566923,0.37123230123025724,3.5413713026193028,9.34296905063344
虑,1.4048675110117585e-05,0.03491039414212978,4.503352104674011,8.863912006135813
虽,0.0001404867511011,0.26400121985557246,4.096284472876465,11.72125878601916
虾,4.0530290766031234e-05,0.09544265763600758,3.954814424336904,9.353669368849957
螃,5.47706631973395e-08,0.0001765483670829593,4.638258103889451,6.833278378089975
蟹,1.6896749596379236e-05,0.05384063050664472,4.667611396790635,6.912543065076654
行,0.0007366654200042,0.6963575377377319,2.0772742652972287,23.301443291119597
衡,1.196738990861868e-05,0.03657234288849479,4.659794544201705,7.207613285235536
衣,3.861331755412435e-05,0.10380228563456295,4.4399707459389965,8.19360492045596
补,7.72266351082487e-05,0.17230284870896434,4.001555763500568,9.872325671951359
表,0.0002174395328934,0.44038540146582106,3.3766264176260083,10.875529519765289
被,0.0072023422104501,0.9623199944445673,0.341849906237117,164.85383786765954
西,0.0004326882392589,0.5172633260727546,2.7887825127897985,18.425030775351743
要,0.0078869755004168,0.959675373258167,0.35200321776386323,181.02183397142917
覆,8.872847437969e-06,0.0314172989194925,4.73246297791907,6.220696155190658
见,0.0010652893991882,0.7362745848627892,1.8222912375853801,31.869306635325323
观,0.0001281633518817,0.27859002323821863,4.043355490558924,10.133118385061998
视,0.0001810170418672,0.33070093484191243,3.778945149063994,12.056711248400289
览,6.271240936095374e-06,0.020727057975346068,4.803160288864882,6.664393670061614
觉,5.340139661740602e-05,0.12492421921228533,4.2189829953272735,9.415660497260296
角,7.530966189634182e-05,0.17225235385456797,4.321605488806231,9.630090124508577
解,0.0001114582996065,0.2827319837388313,3.8290460249255984,8.683249738373018
触,1.728014423876061e-05,0.049864261485004904,3.839185271367161,7.633132321008033
言,0.0002440033045441,0.39021322213987963,3.4214112289872984,13.77331709030049
詹,1.0652893991882534e-05,0.03408418596017381,4.6946506077920045,6.884295414949262
计,0.0001311757383576,0.2486327075408743,4.079522035275705,11.620908377741072
认,8.653764785179642e-05,0.18574810914396855,4.335759473972317,10.261846266726945
讨,2.9302304810576632e-05,0.07482261340690212,4.638972313570452,8.62608488571756
让,0.0049841303509578,0.9226644840682223,0.6321572582914173,118.98450475537388
议,5.093671677352574e-05,0.1330491948576416,4.564494745364419,8.432639152099187
记,0.0001938881477185,0.33230717641388086,3.832909147537743,12.851575159547417
讲,0.0006271240936095,0.66017985843915,2.243597819470736,20.923581991197658
许,8.078672821607576e-05,0.18351067296120552,4.317336542069193,9.696689990897246
论,0.0002385262382244,0.41299514402409243,3.422148457773076,12.721432935558136
设,0.0003450551781432,0.505152809305083,3.091356231797092,15.045637554995691
访,4.545965045379179e-05,0.10793540448919364,4.490194091267428,9.276987847528426
证,0.000101873433547,0.20949436410964745,4.277968770993192,10.711083846857417
识,6.408167594088722e-05,0.14025817863252965,4.495565529492003,10.063533242392166
译,7.202342210450144e-05,0.1802240958182103,4.367431629657219,8.802493563401919
试,0.0001470592306848,0.32160772129332843,3.797976917112022,10.071882296429594
诚,3.532707776228398e-05,0.11321227219484427,4.535092862974037,6.8732007129246675
该,0.0024975422417986,0.883141892786751,0.9142010416694191,62.29126849194244
说,0.0097217927175277,0.9665769319784276,0.30289113118691113,221.5413255502813
请,0.0016129960311616,0.8315339747244893,1.2171592581041693,42.72657881394636
诸,5.477066319733951e-05,0.1450962899468576,4.509327460150555,8.314507144992685
课,0.0001470592306848,0.3109855334992564,3.8413902891847846,10.415902881530927
谁,0.0019388814771858,0.8677752622063509,1.034226197717608,49.214017035740284
调,0.000185124841607,0.35130994073911814,3.5310822470602323,11.60697583121807
谈,0.0004135185071399,0.5526237623478218,2.803814363008656,16.48201158477102
谐,3.7791757606164256e-06,0.011255888737104272,4.6569603518002225,7.395407645544607
谱,9.721792717527762e-05,0.24600259239458264,4.204928844717682,8.704653584030357
象,0.0001810170418672,0.39520425694148975,3.5566191246260654,10.088873312807658
貌,7.722663510824871e-06,0.027441715931243706,4.708265747283715,6.198700696858231
负,0.0001372005113093,0.2862950780599378,3.9907521566915394,10.555690967036476
责,3.204083797044361e-05,0.08223056816146718,4.64352619844122,8.582531257805776
贵,0.0001196738990861,0.2706613834935056,4.179482756118731,9.739080657637967
贸,5.093671677352574e-06,0.014064434264343754,4.685275215077635,7.97725545602792
资,8.872847437969e-05,0.21681361206626776,4.211848106838255,9.014077517200734
赖,4.0530290766031234e-05,0.11176152317368362,4.0099469958186855,7.987892772579623
赫,2.615299167672961e-05,0.08131754147796717,4.473613746909267,7.084055495645196
走,0.0012515096540592,0.7509140168229014,1.7209215165400398,36.710374249821356
起,0.0013117573835762,0.7773153370721212,1.5208483197496843,37.17073079923744
趁,4.6555063717738575e-05,0.13058036471101875,4.3539668199069315,7.852968712586894
超,0.0002385262382244,0.38294642332427786,3.3594424334180157,13.719647729846239
越,0.0004244726397793,0.5627859523533931,2.572933119169491,16.61312270114927
趣,1.1145829960658589e-05,0.03219315315329628,4.550976161695662,7.6259458405378675
足,9.283627411949046e-05,0.15047623001302401,4.1408312187992795,13.589222804380935
跑,0.0004655506371773,0.5570345731990931,2.6513076392568866,18.408974377737895
距,6.271240936095374e-05,0.1464611630167098,4.20255162686383,9.431392672618388
跨,0.0001169353659263,0.2416954390778427,3.7528183722195028,10.65668780348523
路,0.0007366654200042,0.6865217167310236,2.0066557654677375,23.635283896338517
跳,0.0001895064946627,0.41224047984286466,3.3131998997852685,10.125542072366994
跻,2.615299167672961e-07,0.0009079171334560015,4.587134224151379,6.344829889998611
踏,1.651335495399786e-05,0.0508826748367308,4.429656036704035,7.148422311107919
踪,2.330491719046796e-05,0.06674829050609439,4.412628022452543,7.690458548893877
身,0.0001470592306848,0.335517403583788,3.8228102093377982,9.654328150761398
转,0.0004135185071399,0.5905922927164081,2.5154176164325888,15.422401147741041
轻,0.0001539055635845,0.3285548096785828,3.806277546125128,10.317899881729902
较,0.0012241243224605,0.8109048242133474,1.3480468887512247,33.25067469344985
辗,7.366654200042163e-07,0.002439490381885255,4.632833451397731,6.651444824881878
辨,1.6129960311616486e-05,0.052906992899644234,4.74675444711958,6.715294134167273
边,0.0001651335495399,0.26833734353871347,3.8664207880977024,13.554984306501744
达,0.0009064544759159,0.6906247620813646,1.9999345613310546,28.91003856875721
迅,7.202342210450144e-06,0.017790556190597027,4.781416534045015,8.917211055201355
过,0.0034505517814323,0.8895112652752477,0.8476715881951179,85.4440677189284
迎,3.4505517814323886e-05,0.07390299548297129,4.430399674087036,10.284219237695526
近,0.0004326882392589,0.5276210789097663,2.9396553714475413,18.063328177760745
还,0.0065724795836807,0.9451504461210172,0.47325236487504835,153.1697914666934
这,0.0131175738357628,0.9719517119105093,0.25295877250416854,297.27175523600897
进,0.0008462067463988,0.6671943349325125,2.121991126801884,27.93630428048105
远,0.0003614863771024,0.4727693130681279,3.1173986274047305,16.841760030620307
连,0.0007366654200042,0.6683589761028919,2.2051225115845905,24.277575758093015
迟,5.586607646128629e-05,0.11233381383248958,4.444713582902251,10.954245923667557
迹,2.1743953289343784e-05,0.051353211780256175,4.383356342208273,9.326436006009372
送,0.0006134314278102,0.6244016780051557,2.3459605898834655,21.639477980405513
适,2.1743953289343784e-05,0.05164536955486742,4.617112632892002,9.273676372143743
逃,0.0001114582996065,0.26124898041718636,4.0586523124827085,9.397289971847814
透,5.230598335345923e-05,0.13981227585112727,4.325010978918357,8.240449175045812
逐,1.196738990861868e-05,0.035451951086009154,4.723331995632882,7.435396258891148
递,1.895064946627947e-05,0.05203271581717681,4.59953771317853,8.022180385990566
通,0.0001810170418672,0.33673416653735166,3.684406062889817,11.840692383446356
速,3.861331755412435e-05,0.08747272335099911,4.534206000270282,9.723201539262643
造,0.0001341881248334,0.25725839453965244,3.9518117135940707,11.489188319787033
道,0.0009940875370317,0.7330557563037282,1.792388947138671,29.869808596660267
遗,1.769092421274066e-05,0.04691632393738767,4.651543856956389,8.305606755774035
那,0.0027933038230643,0.8897973722660752,0.8446617434573325,69.14676647845887
邮,1.9388814771858185e-05,0.05086551565825859,4.336441459030435,8.39600385147847
郁,4.874589024563216e-06,0.011780976741576644,4.4067919796079895,9.113842660800689
部,0.0003970873081807,0.5099686715142475,2.8276737727540686,17.150916320454215
都,0.0106528939918825,0.9710059495988272,0.2622701593279972,241.65207764673957
酒,0.0001612996031161,0.32333888626385665,3.8047094434089708,10.988038685372995
酷,3.779175760616426e-05,0.10000200125254351,4.028466222201402,8.324021977676486
醒,6.873718231266108e-05,0.15465992096441852,3.8114581228578484,9.789460550607329
采,7.038030220858127e-05,0.15358172590103564,4.16674496654373,10.093839681319935
释,3.1493131338470215e-05,0.10520099491756636,4.485184649325592,6.593876614396347
里,0.0033683957866363,0.901355872026581,0.7958811318282379,82.31360873136637
重,0.0003532707776228,0.5153465956696108,2.873534405679647,15.099171635164884
量,0.0002278459589009,0.445717323795955,3.340683084288953,11.259695219997989
金,0.0004326882392589,0.5726464936738745,2.651515504607013,16.643064800251853
钟,0.0001141968327664,0.2762605702788446,3.9426827025603797,9.105000501032386
钻,4.765047698168536e-05,0.11281654827158105,4.33762293151856,9.303347934530887
错,0.000369701976582,0.541363452681755,2.846060976898149,15.042071830147945
锥,6.1343142781020245e-06,0.02045404028602135,4.862108402029111,6.605896034806885
长,0.0016129960311616,0.8362641985156247,1.2114714039078391,42.484901267570116
门,0.0004436423718984,0.43402476917240096,2.8745011553671462,22.51455267951654
闪,4.4364237189845e-05,0.0737198850792086,3.8142398209095667,13.255410693123986
问,0.0011693536592631,0.6671544158251448,1.877789647414481,38.60684688106951
间,0.0009283627411949,0.6663204802100186,1.937226818444321,30.68876129645191
闹,6.709406241674089e-05,0.13012899883730797,3.9288278577107603,11.35676969823326
队,0.0004545965045379,0.533222561738307,2.656641998598085,18.77856466725609
附,6.271240936095374e-05,0.14774958826918652,4.15187938503607,9.349147810701844
陈,0.0002385262382244,0.4148427275753452,3.106987888115219,12.66477553583107
降,0.0001089936197627,0.2647835030365152,3.7910339731583944,9.066819533784189
限,6.873718231266108e-05,0.16872793255224733,4.284788980860429,8.973245698796164
险,5.093671677352574e-05,0.12467128000331289,4.157470283398299,8.999312830364849
随,0.0002738533159866,0.4267356782885889,3.051967055838498,14.135262187507935
隙,4.4364237189845e-06,0.01321929142632175,4.451286604230929,7.392131101891549
难,0.0004244726397793,0.616016145532432,2.552621846365269,15.17757634882936
雅,4.765047698168536e-05,0.14366746638742667,4.453673268161447,7.305562127148174
集,0.0003067157139051,0.5157503515658758,2.991432724235209,13.099095639099135
雨,8.462067463988953e-05,0.16299659206610836,4.21650137907109,11.435174023350342
雪,6.134314278102024e-05,0.15126455925636384,4.3439593477845175,8.93251296175804
零,0.0001196738990861,0.30270614745050545,3.8268254064714746,8.708092210721079
雷,6.873718231266108e-05,0.16837082339481,4.270983580858196,8.99227766731877
霍,3.36839578663638e-05,0.09672006915323805,4.399705767410703,7.670988578406469
霜,1.196738990861868e-05,0.03785605260155116,4.6201585388406885,6.963201030223194
青,8.078672821607576e-05,0.194231433740711,4.358550584670936,9.161473359153641
非,0.0006709406241674,0.674498981074898,2.0657882309928177,21.910263948832373
面,0.0003532707776228,0.4502177673748541,3.1323572585213353,17.28342873935184
革,1.5061932379268363e-05,0.05244454950220886,4.860154724157047,6.325941237071228
顶,0.000101873433547,0.20397213013978333,4.270612167552235,11.001070086804235
项,0.0002930230481057,0.4519244469226901,3.3113863349064205,14.281728262632189
顺,5.230598335345923e-05,0.12171021492604611,3.424930479731238,9.46605799602565
顿,9.064544759159688e-05,0.21200256988646637,3.808184571666981,9.417804944065024
预,3.067157139051012e-05,0.08127890813400619,4.611950626146395,8.311951201315237
频,1.728014423876061e-05,0.05537439949066188,4.422541279128234,6.873582549072578
颗,5.340139661740602e-05,0.1504670647836005,4.025640002700923,7.817285714185077
题,0.000143772990893,0.26661392490779334,3.529408956658168,11.87788997599035
颠,3.697019765820417e-06,0.012672996237965185,4.313197523357353,6.425653246121595
风,0.0002385262382244,0.4264338270358806,3.4604600571511925,12.320528284383961
食,7.530966189634182e-05,0.1926481669835583,4.328915864267968,8.610544900330165
饭,0.0001372005113093,0.30632832812394245,4.000385512562868,9.865370231647496
饮,2.9302304810576632e-05,0.08683851931155416,4.699829141517318,7.43248756123471
饰,3.36839578663638e-05,0.09662303219997703,4.634541960638091,7.678692428546547
馆,0.0001895064946627,0.35987265403043284,3.6714495709756,11.598987241272
香,8.462067463988953e-05,0.19893543889797038,4.280990673652992,9.369343168890815
驯,1.8950649466279468e-06,0.005473748260079445,4.525831089534412,7.625776934292529
驾,2.3852623822441357e-05,0.07339691836240303,4.532426778691774,7.158188851298186
骨,3.697019765820416e-05,0.09305074406697555,4.271084297197019,8.751384014291693
骸,5.723534304121978e-06,0.020951175855007383,4.767648611325381,6.017286735962114
骼,3.149313133847021e-07,0.0009890278241103116,4.481454606900205,7.013780232342578
高,0.0015390556358452,0.8357302858825457,1.2039734547261776,40.563273692360994
鱼,0.0001769092421274,0.3189387310533651,3.8854021329091504,12.21766123429004
鹿,2.3852623822441357e-05,0.06633779543575599,4.621509956403748,7.9199044721075005
黄,0.0003970873081807,0.5848441500172026,2.7425902999976275,14.955146616302473
黑,0.0004053029076603,0.5108574233450953,2.816569333618478,17.47530763800736
默,1.6129960311616486e-05,0.05411621199470475,4.655533776509337,6.565241837513961
黝,1.98269800774369e-07,0.0006305356449484377,4.22353826444651,6.926147664906255
鼓,2.4975422417986817e-05,0.07187618267656885,4.507432391894552,7.653721540500939
齐,6.408167594088722e-05,0.16452542486678404,4.3222915232259425,8.57917762150576
齿,1.98269800774369e-05,0.048131914156734595,4.704766350380866,9.073362365516326
龄,7.722663510824871e-06,0.02324409245450512,4.104442912352365,7.318116807482281
龙,0.0001938881477185,0.3702482523805025,3.435397634641202,11.534613941542721
