image_id,target,freq,entropy,surprisal,prob_target,response,acc
0.jpg,Year,0.0012620344886189,2.7116546630859375,1.0068820841382389,0.36535635590553284,Year,1
1.jpg,Old,0.0007777010774164,1.7669429779052734,3.895577911774292,0.020331621170043945,old,0
2.jpg,Bottle,5.147772256208681e-05,1.4141650199890137,1.4471844301969365,0.2352316677570343,Rattle,0
3.jpg,Message,0.0001383809746292,0.6705721616744995,0.08971516268323336,0.9141915440559387,Message,1
4.jpg,Angela,1.4530002336072889e-05,0.4250359833240509,0.0756090445001207,0.9271786212921143,Angela,1
5.jpg,Erdmann,1.826628865106306e-07,0.6645506024360657,3.728627348353248,0.024025792255997658,Ferdinand,0
6.jpg,never,0.0011250373237359,1.4679595232009888,0.18503314035372304,0.8310767412185669,never,1
7.jpg,knew,0.0002186419399142,0.8966902494430542,1.554627843097958,0.21126799285411835,know,0
8.jpg,her,0.0027676194925853,2.9738993644714355,2.239713000428253,0.10648906230926514,hero,0
9.jpg,grandfather,2.4078289585492212e-05,0.809410035610199,0.12020477433881224,0.8867388367652893,grandfather,1
10.jpg,He,0.006780667756834,3.081238269805908,3.0747251719693374,0.04620232433080673,Hope,0
11.jpg,died,0.0002186419399142,1.6799659729003906,0.3213645167950418,0.7251588702201843,died,1
12.jpg,in,0.0257388612810434,0.8567290902137756,0.11221133644616563,0.8938553333282471,in,1
13.jpg,six,0.000269842900527,1.8902523517608643,7.800391718033014,0.0004095745098311454,civil,0
14.jpg,years,0.0012620344886189,0.21950438618659973,0.023689122207664056,0.9765892624855042,years,1
15.jpg,before,0.001177622094095,1.142229676246643,0.1326738622416212,0.8757506608963013,before,1
16.jpg,she,0.0025185337382526,3.33270263671875,2.5267700548491527,0.07991673052310944,shop,0
17.jpg,was,0.0091469824229944,1.572131872177124,0.3262121252705657,0.721652090549469,was,1
18.jpg,born,0.0001702085987939,1.675797700881958,0.42046542847851404,0.6567410826683044,born,1
19.jpg,But,0.0059088676166696,2.5605955123901367,3.821619201771858,0.021892324090003967,Riot,0
20.jpg,on,0.0112503732373592,1.7964212894439697,0.2859457477133393,0.7513033747673035,on,1
21.jpg,Tuesday,5.908867616669641e-05,0.32122159004211426,0.05289814719319191,0.9484766125679016,Tuesday,1
22.jpg,April,0.0002144905106753,0.15381860733032227,0.01399724958605997,0.9861002564430237,April,1
23.jpg,described,0.0001383809746292,0.7546305656433105,0.20619383284427145,0.8136753439903259,described,1
24.jpg,the,0.0743105833759156,2.9769482612609863,1.7120391095722773,0.18049736320972443,three,0
25.jpg,extraordinary,3.1689243190101826e-05,0.4100888967514038,0.07533772992148134,0.9274302124977112,extraordinary,1
26.jpg,moment,0.0002407828958549,0.5544315576553345,0.06511877775140903,0.9369561672210693,moment,1
27.jpg,when,0.0032381148063248,0.3850856423377991,0.0511852715092062,0.9501026272773743,when,1
28.jpg,received,0.0002006524132124,0.8328229188919067,0.14408383123930424,0.8658151626586914,received,1
29.jpg,a,0.0316892431901018,5.631458282470703,4.408137076667553,0.012177843600511551,two,0
30.jpg,message,0.0001383809746292,1.564051628112793,0.24645183607825952,0.7815690040588379,message,1
31.jpg,bottle,5.147772256208681e-05,0.43107742071151733,0.05818540311909963,0.9434750080108643,bottle,1
32.jpg,after,0.0017851145727175,0.290921688079834,0.02729414670233945,0.9730749726295471,after,1
33.jpg,he,0.006780667756834,3.779548406600952,3.5832288251322835,0.027785837650299072,hope,0
34.jpg,had,0.0029613528570662,1.6704838275909424,3.232797226647114,0.03944700211286545,bad,0
35.jpg,lobbed,3.390333878417007e-07,2.9751899242401123,0.5484908091624552,0.5778211951255798,lobbed,1
36.jpg,it,0.0123297448394675,4.306616306304932,1.1722496003604914,0.30966952443122864,it,1
37.jpg,into,0.0017851145727175,1.6757532358169556,0.2434263437197633,0.7839372158050537,into,1
38.jpg,Baltic,5.14777225620868e-06,0.41290679574012756,0.055413562959947385,0.9460937976837158,Baltic,1
39.jpg,Sea,0.0001591381208236,1.565873622894287,0.4364189733521875,0.6463468670845032,Sea,1
40.jpg,Thought,0.0005383019913078,0.13807189464569092,0.016755823268552062,0.9833837747573853,Thought,1
41.jpg,to,0.0372244821752724,1.456359624862671,2.5454091752183894,0.07844094932079315,too,0
42.jpg,be,0.0085381061346256,3.706827402114868,3.914200594011133,0.019956495612859726,hope,0
43.jpg,world,0.0010738363631231,0.5559410452842712,0.08124310047628219,0.9219695329666138,world,1
44.jpg,s,0.0010018782563158,3.982461452484131,7.167082906441194,0.0007715701940469444,cat,0
45.jpg,oldest,2.4078289585492212e-05,1.7661172151565552,0.24633859222473461,0.7816575169563293,oldest,1
46.jpg,presented,7.777010774164726e-05,1.4131461381912231,0.2148100138802752,0.8066946864128113,presented,1
47.jpg,by,0.0063240105405574,4.059769153594971,2.70631570602862,0.0667824000120163,boy,0
48.jpg,museum,7.098943998481325e-05,1.096993088722229,0.732709973204209,0.48060479760169983,Museum,0
49.jpg,that,0.014114859412185,1.3985331058502197,0.15608488210412627,0.8554865717887878,that,1
50.jpg,is,0.016190574031624,2.234572172164917,3.5383601694679743,0.02906094305217266,ice,0
51.jpg,now,0.0020895527169019,2.990750312805176,0.7241789113438691,0.48472240567207336,now,1
52.jpg,exhibiting,3.473362463194567e-06,0.4504517912864685,0.04961367907190202,0.9515969753265381,exhibiting,1
53.jpg,Germany,0.0001098744938556,0.43269282579421997,0.04703538231619424,0.9540536403656006,Germany,1
54.jpg,It,0.0123297448394675,3.179507255554199,8.741788283118169,0.00015976792201399803,Top,0
55.jpg,very,0.0013838097462926,0.5687563419342041,0.06281233546209027,0.9391196966171265,very,1
56.jpg,surprising,2.643076615418973e-05,0.9561915993690491,0.1530242899509594,0.8581088781356812,surprising,1
57.jpg,said,0.0014114859412185,0.8540217280387878,0.10213801601324515,0.9029049277305603,said,1
58.jpg,recalling,3.3211433911023743e-06,1.3675328493118286,0.4121599703339575,0.6622183322906494,recalling,1
59.jpg,how,0.0024078289585492,2.44695782661438,0.6247208249001562,0.5354108810424805,how,1
60.jpg,found,0.0006628448684741,1.5548760890960693,0.1792810064958129,0.8358709812164307,found,1
61.jpg,out,0.0033211433911023,2.007843255996704,0.32201168530339375,0.7246897220611572,out,1
62.jpg,about,0.0034733624631945,0.31210148334503174,0.03998746554413254,0.9608014822006226,about,1
63.jpg,A,0.0316892431901018,4.25313138961792,1.334471166889934,0.2632973790168762,A,1
64.jpg,man,0.0009146982422994,1.457181453704834,0.20143460876480443,0.8175570368766785,man,1
65.jpg,stood,5.147772256208681e-05,0.5665607452392578,0.10098402583973964,0.9039474725723267,stood,1
66.jpg,at,0.0069328868289262,2.300377130508423,2.442847180060442,0.08691304177045822,cat,0
67.jpg,my,0.0051477722562086,1.1429814100265503,5.860448685550956,0.0028499646577984095,move,0
68.jpg,door,0.0001660571695551,0.807088315486908,0.09949868527182024,0.9052911400794983,door,1
69.jpg,and,0.0355639104797212,2.3592445850372314,1.0843277587626665,0.3381290137767792,and,1
70.jpg,told,0.0004801819819635,1.6888060569763184,0.24545763469091705,0.7823464274406433,told,1
71.jpg,me,0.0041791054338038,4.379713535308838,5.05734822094196,0.0063624088652431965,moat,0
72.jpg,post,0.0003722448217527,3.4599716663360596,1.8057905987052498,0.16434447467327118,night,0
73.jpg,from,0.0059088676166696,1.2250720262527466,0.1915217644635496,0.8257016539573669,from,1
74.jpg,then,0.0016190574031624,1.7325053215026855,0.6332932000649687,0.5308407545089722,then,1
75.jpg,been,0.0025738861281043,1.7238736152648926,0.34470916835108967,0.7084263563156128,been,1
76.jpg,name,0.0005632105667411,0.8936039209365845,0.12371823031833269,0.883628785610199,name,1
77.jpg,card,0.0001522190720921,0.22144824266433716,0.02465923156621763,0.9756423234939575,card,1
78.jpg,of,0.0347336246319456,1.5896644592285156,0.38084515185786655,0.6832836866378784,of,1
79.jpg,Her,0.0027676194925853,2.18149995803833,1.696692728165987,0.18328870832920074,Here,0
80.jpg,visitor,1.4114859412185093e-05,0.8184298872947693,0.1011105691998853,0.9038330912590027,visitor,1
81.jpg,genealogical,1.5221907209219217e-06,0.7515153884887695,0.19439161677905964,0.8233354091644287,genealogical,1
82.jpg,researcher,1.15132970891549e-05,0.3184652328491211,0.05340352860441699,0.9479973912239075,researcher,1
83.jpg,who,0.0030305433443809,0.994101345539093,0.20267703883623342,0.8165419101715088,who,1
84.jpg,managed,7.956906041182773e-05,1.4791178703308105,0.32221214499589423,0.7245444655418396,managed,1
85.jpg,track,0.0001453000233607,0.5655472278594971,0.0701939406206088,0.9322130084037781,track,1
86.jpg,down,0.0010503115974361,0.48399797081947327,0.05459734308177532,0.9468663334846497,down,1
87.jpg,Berlin,3.321143391102375e-05,0.4879685044288635,0.05758857138727438,0.9440382719039917,Berlin,1
88.jpg,letter,0.0001232974483946,1.2784042358398438,0.14256811087373847,0.8671284914016724,letter,1
89.jpg,given,0.0003556391047972,0.7386822700500488,0.09528267859938709,0.9091159105300903,given,1
90.jpg,International,0.000316892431901,0.5373527407646179,0.06775764297951282,0.9344869256019592,International,1
91.jpg,Maritime,1.2620344886189024e-05,0.8579295873641968,0.09106452449548495,0.9129588007926941,Maritime,1
92.jpg,Museum,7.098943998481325e-05,0.5686883926391602,0.10042074282563339,0.9044567942619324,Museum,1
93.jpg,northern,9.797373003752004e-05,2.239537000656128,0.6928440772770592,0.5001515746116638,northern,1
94.jpg,port,7.431058337591563e-05,2.211351156234741,0.4391356136565918,0.644593358039856,port,1
95.jpg,city,0.0005632105667411,1.3282172679901123,0.188225241756147,0.8284280896186829,city,1
96.jpg,Hamburg,5.770486642040376e-06,0.291942298412323,0.028524330253854372,0.9718786478042603,Hamburg,1
97.jpg,The,0.0743105833759156,3.636981964111328,2.025180743260595,0.13196998834609985,The,1
98.jpg,brown,0.0001411485941218,0.2080349326133728,0.025916515620239347,0.9744164347648621,brown,1
99.jpg,beer,6.932886828926206e-05,2.3679392337799072,0.5601286534839969,0.5711355805397034,beer,1
100.jpg,which,0.0027676194925853,0.1443023979663849,0.016211132314778824,0.9839195609092712,which,1
101.jpg,water,0.0004580410260228,0.35562577843666077,0.03406937132964771,0.9665044546127319,water,1
102.jpg,for,0.014114859412185,2.9880154132843018,2.3105826875050695,0.0992034301161766,four,0
103.jpg,catch,0.0001025403022002,0.4793025255203247,0.06480386853390215,0.9372512698173523,catch,1
104.jpg,Konrad,9.797373003752006e-07,0.42226436734199524,0.06093263899783058,0.9408866167068481,Konrad,1
105.jpg,Fischer,4.580410260228692e-06,1.1135872602462769,0.1331736924990007,0.8753130435943604,Fischer,1
106.jpg,fisherman,4.275972116044308e-06,0.5762664675712585,0.10012159684563438,0.9047273993492126,fisherman,1
107.jpg,off,0.001177622094095,2.1946332454681396,1.0174236736803692,0.36152514815330505,off,1
108.jpg,Kiel,9.146982422994456e-07,2.170341730117798,1.3461809305600796,0.26023221015930176,Kiwi,0
109.jpg,Holger,5.507562790244771e-07,3.304774522781372,1.6106526326093156,0.19975720345973969,Holder,0
110.jpg,von,2.0480384245131312e-05,5.90289306640625,3.265064632965709,0.03819446638226509,love,0
111.jpg,Neuhoff,2.3524765686975155e-08,1.804150938987732,0.3836293029437367,0.6813839673995972,Neuhoff,1
112.jpg,curator,4.912524599338929e-06,0.6223335266113281,0.1984063176470139,0.8200365900993347,curator,1
113.jpg,ocean,6.932886828926206e-05,1.0510047674179077,0.5456006908992239,0.5794935822486877,ocean,1
114.jpg,science,0.0001826628865106,0.7224040031433105,0.148800025933065,0.8617414236068726,science,1
115.jpg,this,0.0091469824229944,1.3722002506256104,0.3008242525839321,0.740207850933075,this,1
116.jpg,bottled,4.275972116044308e-06,2.226064682006836,0.5838817666213449,0.557729184627533,bottled,1
117.jpg,come,0.0008344372770144,1.1412581205368042,0.1804699252974632,0.8348777890205383,come,1
118.jpg,across,0.00024631813484,1.0113589763641357,0.2127581958797921,0.8083515763282776,across,1
119.jpg,There,0.002822971882437,0.8404355645179749,0.16122414543522615,0.851101279258728,There,1
120.jpg,are,0.0076109536046096,4.485178470611572,1.9146626767730948,0.14739154279232025,carp,0
121.jpg,documents,6.047248591298907e-05,0.30292895436286926,0.04239290116725409,0.9584931135177612,documents,1
122.jpg,have,0.0070989439984813,0.6654701828956604,0.07564999554803449,0.9271406531333923,have,1
123.jpg,without,0.0006780667756834,0.6835404634475708,0.112174261578534,0.8938884735107422,without,1
124.jpg,older,0.0001151329708915,0.556141197681427,0.07962901284595852,0.9234588742256165,older,1
125.jpg,with,0.009797373003752,0.7649168372154236,0.12649229154773617,0.8811809420585632,with,1
126.jpg,document,4.3728387982847935e-05,0.5395950078964233,0.07851049302266801,0.924492359161377,document,1
127.jpg,certainly,0.0001383809746292,0.6495515704154968,0.0973035444972922,0.9072805643081665,certainly,1
128.jpg,extremely,8.538106134625688e-05,0.6036040782928467,0.09133001802967161,0.9127164483070374,extremely,1
129.jpg,good,0.0018266288651063,0.827284574508667,0.10803792133992277,0.8975935578346252,good,1
130.jpg,condition,0.0001001878256315,0.5983171463012695,0.11262245281429394,0.8934879302978516,condition,1
131.jpg,Researchers,3.3903338784170074e-05,0.8058154582977295,0.22517394232424612,0.7983773350715637,Researchers,1
132.jpg,believe,0.0004483543577988,0.6637594103813171,0.10786196373502599,0.89775151014328,believe,1
133.jpg,Richard,8.538106134625688e-05,0.1827007234096527,0.02395068488959959,0.9763338565826416,Richard,1
134.jpg,Platz,3.390333878417007e-07,2.983320951461792,1.7096409254480607,0.1809307485818863,Place,0
135.jpg,threw,3.985372069322849e-05,0.28533241152763367,4.658924347272857,0.00947665050625801,throw,0
136.jpg,sea,0.0001591381208236,4.90739631652832,2.9528698301988974,0.05218971520662308,see,0
137.jpg,while,0.0010018782563158,0.20803460478782654,0.023588299975422035,0.9766877293586731,while,1
138.jpg,hike,1.2329744839467564e-05,1.1694986820220947,0.4782765480850192,0.619850754737854,hike,1
139.jpg,nature,0.0001321538307709,0.9093702435493469,0.1965985961971919,0.8215203285217285,nature,1
140.jpg,appreciation,1.826628865106306e-05,0.8548135161399841,0.2341157057977391,0.7912702560424805,appreciation,1
141.jpg,group,0.0005147772256208,0.8809754848480225,3.035021003880541,0.048073653131723404,ground,0
142.jpg,old,0.0007777010774164,1.2206872701644897,0.2289048711589416,0.7954041957855225,old,1
143.jpg,time,0.0026984290052706,0.5622022151947021,0.07275733559885507,0.9298264384269714,time,1
144.jpg,Much,0.0013838097462926,0.9530804753303528,0.14443064967596345,0.8655149340629578,Much,1
145.jpg,postcard,3.805476802304804e-06,0.7529380321502686,0.12640551091339916,0.8812574148178101,postcard,1
146.jpg,indecipherable,2.4078289585492214e-07,1.596932053565979,0.5270296481960637,0.5903559327125549,indecipherable,1
147.jpg,although,0.0002767619492585,0.36442989110946655,0.056878079900467164,0.9447092413902283,although,1
148.jpg,address,0.0001125037323735,0.4512925446033478,0.06474097489817998,0.9373102188110352,address,1
149.jpg,front,0.0002643076615418,0.578103244304657,0.05890358901399335,0.9427976608276367,front,1
150.jpg,legible,8.731839499106659e-07,3.4797139167785645,0.7067640628470601,0.49323770403862,legible,1
151.jpg,as,0.0081506394056637,4.921823501586914,7.813803481386763,0.00040411806548945606,eye,0
152.jpg,author,0.0001232974483946,0.3739146292209625,0.04542581907764325,0.9555904865264893,author,1
153.jpg,polite,1.15132970891549e-05,0.506595253944397,0.07013697271165227,0.932266116142273,polite,1
154.jpg,request,7.956906041182773e-05,1.4437541961669922,0.21483447093820837,0.8066749572753906,request,1
155.jpg,note,0.0001522190720921,0.6338942050933838,0.1134324409183123,0.8927645087242126,note,1
156.jpg,sent,0.0002006524132124,1.7477753162384033,5.26696225472836,0.005159259308129549,cent,0
157.jpg,finder,2.643076615418973e-06,0.594481885433197,0.06690496897190822,0.9352840781211853,finder,1
158.jpg,his,0.0044835435779882,3.0739781856536865,4.181456098995891,0.015276247635483742,high,0
159.jpg,home,0.000893941096105,0.7480325102806091,0.11155486120919499,0.8944423198699951,home,1
160.jpg,also,0.0021449051067536,0.21098260581493378,0.020254326272130252,0.979949414730072,also,1
161.jpg,included,0.0001480676428533,0.7252919673919678,0.13754753533322533,0.8714929223060608,included,1
162.jpg,two,0.0017436002803287,1.5141897201538086,0.21163788836713038,0.8092576861381531,two,1
163.jpg,stamps,1.1250373237359294e-05,1.6409392356872559,0.35845685321634946,0.6987537741661072,stamps,1
164.jpg,were,0.0030305433443809,2.9034006595611572,0.6649105353418874,0.5143195390701294,were,1
165.jpg,so,0.0045804102602286,5.961625576019287,4.0775551354658415,0.016948852688074112,eye,0
166.jpg,would,0.0025738861281043,0.8258065581321716,0.12277134923413492,0.8844658732414246,would,1
167.jpg,not,0.006780667756834,1.921208381652832,0.3936238625670061,0.6746077537536621,not,1
168.jpg,incur,2.767619492585312e-06,0.9192302227020264,0.2728007949775391,0.7612444162368774,incur,1
169.jpg,cost,0.0002407828958549,1.3610002994537354,0.27033764872605864,0.7631217837333679,cost,1
170.jpg,did,0.0012620344886189,1.708743691444397,0.2407515301152532,0.7860369086265564,did,1
171.jpg,think,0.0016605716955511,0.4867263436317444,0.06607473468929718,0.936060905456543,think,1
172.jpg,take,0.0011513297089154,1.0575518608093262,0.20130601121350658,0.8176621794700623,take,1
173.jpg,She,0.0025185337382526,3.287423849105835,2.0927825759621634,0.12334344536066055,sheep,0
174.jpg,moved,0.0001411485941218,2.29390025138855,0.899017358146313,0.4069693684577942,moved,1
175.jpg,arrival,3.805476802304805e-05,1.2824047803878784,0.275991394348684,0.7588194608688354,arrival,1
176.jpg,known,0.0003390333878417,0.8141231536865234,0.11465390193175606,0.8916746973991394,known,1
177.jpg,because,0.0014806764285331,0.2537718117237091,0.02860406153250174,0.9718011617660522,because,1
178.jpg,age,0.0002892162369751,6.353377342224121,5.227366956779978,0.0053676399402320385,dog,0
179.jpg,I,0.0170208598793996,2.4046831130981445,7.573139492276843,0.0005140759749338031,Top,0
180.jpg,little,0.0007777010774164,2.335648775100708,0.3180663685114969,0.7275545001029968,little,1
181.jpg,but,0.0059088676166696,1.5154279470443726,0.2540632351016021,0.7756427526473999,but,1
182.jpg,writer,6.780667756834015e-05,1.225933313369751,0.16342432006792923,0.8492307662963867,writer,1
183.jpg,open,0.0004179105433803,0.5422942638397217,0.07891191699008979,0.9241213202476501,open,1
184.jpg,minded,1.951171742272645e-05,2.151805877685547,2.2701314843835045,0.1032985970377922,mindful,0
185.jpg,believed,7.777010774164726e-05,0.39118361473083496,0.04807926198253769,0.9530582427978516,believed,1
186.jpg,freedom,0.0001001878256315,0.48273196816444397,0.0783311456750485,0.9246581792831421,freedom,1
187.jpg,everyone,0.0004082238751563,0.9231379628181458,0.16601615886165585,0.8470325469970703,everyone,1
188.jpg,should,0.0013519821221279,0.38744696974754333,0.041212006634740866,0.9596256613731384,should,1
189.jpg,respect,0.0001480676428533,1.2797510623931885,0.30086065018456115,0.7401809096336365,respect,1
190.jpg,each,0.0006780667756834,1.9184513092041016,0.2887151172520962,0.7492256164550781,each,1
191.jpg,other,0.0020065241321243,1.1382241249084473,0.14860679013963432,0.861907958984375,other,1
192.jpg,lot,0.0005632105667411,1.4959843158721924,0.2293667352617308,0.7950369119644165,lot,1
193.jpg,young,0.0003722448217527,2.2296736240386963,0.4742095825462681,0.6223767995834351,young,1
194.jpg,later,0.0004275972116044,0.8180410265922546,0.13338630841446383,0.8751269578933716,later,1
195.jpg,traveled,1.5913812082365544e-05,1.2185204029083252,0.4629465085619116,0.6294263005256653,traveled,1
196.jpg,wife,0.0002352476568697,1.0114034414291382,0.13369686880884774,0.8748552203178406,wife,1
197.jpg,daughters,2.643076615418973e-05,0.5481653809547424,0.09488432973930694,0.9094781279563904,daughters,1
198.jpg,wonderful,9.797373003752004e-05,0.3420715928077698,0.04807413368279732,0.9530631303787231,wonderful,1
199.jpg,could,0.0015913812082365,0.7913253903388977,0.1092889092714363,0.896471381187439,could,1
200.jpg,see,0.0017436002803287,5.420289993286133,2.997660389381586,0.049903687089681625,dog,0
201.jpg,where,0.0013838097462926,0.6842172145843506,0.10615492393066601,0.8992853164672852,where,1
202.jpg,roots,3.0305433443809167e-05,1.7560615539550781,0.2600600664469983,0.7710052728652954,roots,1
203.jpg,came,0.0004372838798284,1.4046881198883057,0.2905432109138542,0.7478572130203247,came,1
204.jpg,Like,0.0035563910479721,1.6442631483078003,1.7668161066234052,0.1708761751651764,like,0
205.jpg,liked,7.956906041182773e-05,1.8230632543563843,1.0404717895638407,0.3532879650592804,like,0
206.jpg,culture,0.0001480676428533,1.1250598430633545,0.3043580933892504,0.7375966906547546,culture,1
207.jpg,traveling,2.573886128104341e-05,0.9014523029327393,0.23729877078224165,0.7887555956840515,traveling,1
208.jpg,around,0.0008150639405663,0.535150408744812,0.0820042471741039,0.9212680459022522,around,1
209.jpg,herself,8.344372770144716e-05,1.134104609489441,0.18968550685990979,0.8272192478179932,herself,1
210.jpg,too,0.0012329744839467,1.5282496213912964,0.2957585243304543,0.7439670562744141,too,1
211.jpg,What,0.0033211433911023,1.1457420587539673,0.16171407186709957,0.850684404373169,What,1
212.jpg,taught,6.628448684741822e-05,1.529350996017456,0.2591103286430069,0.7717378735542297,taught,1
213.jpg,mother,0.0002407828958549,0.7423336505889893,0.10915414705059429,0.8965921998023987,mother,1
214.jpg,sons,4.3728387982847935e-05,2.599170446395874,7.054504462147404,0.0008635105332359672,song,0
215.jpg,Despite,0.0001383809746292,1.2964167594909668,0.3076784765323333,0.7351516485214233,Despite,1
216.jpg,joy,4.9125245993389295e-05,3.5158493518829346,3.2688115188160585,0.03805162385106087,love,0
217.jpg,receiving,5.383019913078432e-05,0.6749741435050964,0.0940605389299393,0.9102276563644409,receiving,1
218.jpg,hoped,2.643076615418973e-05,2.5025548934936523,0.6886725531809024,0.5022423267364502,hoped,1
219.jpg,others,0.0003639419632749,1.6287680864334106,0.5033142747766014,0.604523777961731,others,1
220.jpg,repeat,4.275972116044307e-05,1.8198601007461548,0.27531963181530045,0.7593293786048889,repeat,1
221.jpg,what,0.0033211433911023,0.7378855347633362,0.09910740705821361,0.9056454300880432,what,1
222.jpg,done,0.0005258477035912,0.944510281085968,0.12838846375305468,0.8795116543769836,done,1
223.jpg,throw,9.354553884938356e-05,0.3978036642074585,0.0412095221421671,0.9596280455589294,throw,1
224.jpg,bottles,2.144905106753617e-05,1.749757170677185,0.2664197095460281,0.766117513179779,bottles,1
225.jpg,messages,4.801819819635517e-05,2.833038091659546,0.6775918197023983,0.5078384876251221,messages,1
226.jpg,Today,0.0004912524599338,0.9629375338554382,0.18554398739921693,0.8306522965431213,Today,1
227.jpg,full,0.0004801819819635,2.5947272777557373,0.99869282445019,0.36836063861846924,full,1
228.jpg,many,0.0011250373237359,0.2510012090206146,0.034679415222189404,0.9659150242805481,many,1
229.jpg,rubbish,1.0254030220028584e-05,1.358416199684143,0.29860409001087707,0.7418530583381653,rubbish,1
230.jpg,more,0.0031689243190101,0.8326948285102844,0.09205829960290973,0.9120519757270813,more,1
231.jpg,shouldn,2.961352857066284e-07,0.07523299753665924,0.008793819203726187,0.9912447333335876,shouldn't,0
232.jpg,t,0.0003722448217527,2.261148452758789,8.996880250528719,0.00012379541294649243,plus,0
233.jpg,thrown,3.473362463194567e-05,1.3315863609313965,0.36539711519817825,0.6939210295677185,thrown,1
234.jpg,there,0.002822971882437,0.5085676908493042,0.057233357217393914,0.9443736672401428,there,1
235.jpg,will,0.0039023434845452,1.3448599576950073,0.19731198456839946,0.8209344744682312,will,1
236.jpg,display,5.908867616669641e-05,0.9009606838226318,0.12064723263243687,0.8863465785980225,display,1
237.jpg,until,0.0005632105667411,0.5121351480484009,0.0674182459448629,0.9348041415214539,until,1
238.jpg,beginning,0.0001383809746292,0.39548438787460327,0.05399868490019304,0.947433352470398,beginning,1
239.jpg,May,0.0013215383077094,0.4184574782848358,0.06526675763226834,0.9368175268173218,May,1
240.jpg,experts,4.5804102602286914e-05,6.35883903503418,4.607792055857261,0.009973815642297268,avon,0
241.jpg,attempt,9.797373003752004e-05,0.5471564531326294,0.061209767865984324,0.9406259059906006,attempt,1
242.jpg,decipher,1.909657449883865e-06,2.034149169921875,0.6438948636344708,0.5252426862716675,decipher,1
243.jpg,rest,0.0002352476568697,1.1894011497497559,3.299676527340565,0.03689510002732277,root,0
244.jpg,text,0.0001411485941218,1.260536551475525,0.2742381435586576,0.7601510286331177,text,1
245.jpg,clear,0.00024631813484,1.2506787776947021,0.14891623436741022,0.8616412878036499,clear,1
246.jpg,happen,0.0002144905106753,1.2516034841537476,0.25065694978691766,0.7782893180847168,happen,1
247.jpg,hopes,3.473362463194567e-05,3.1813807487487793,1.6813969398003132,0.18611380457878113,bones,0
248.jpg,stay,0.0002961352857066,0.5640197396278381,0.09160342074167986,0.9124669432640076,stay,1
249.jpg,We,0.0048018198196355,3.637387752532959,1.3656628903154147,0.2552114427089691,We,1
250.jpg,want,0.0015221907209219,1.4586962461471558,0.2368918445999555,0.7890766263008118,want,1
251.jpg,make,0.0016605716955511,0.6289141774177551,0.08999288504475599,0.9139376878738403,make,1
252.jpg,few,0.0005507562790244,1.390923023223877,0.23603010985196216,0.7897568941116333,few,1
253.jpg,photos,9.354553884938356e-05,0.6315594911575317,0.12137787523652534,0.8856992125511169,photos,1
254.jpg,available,0.0002643076615418,0.30145928263664246,0.05015657114485537,0.9510805010795593,available,1
255.jpg,put,0.0006324010540557,3.012944221496582,1.087758981100876,0.33697080612182617,put,1
256.jpg,give,0.0007098943998481,1.3842722177505493,2.885092971791554,0.0558495968580246,drive,0
257.jpg,face,0.0003902343484545,1.3167948722839355,0.18252866861793546,0.8331607580184937,face,1
258.jpg,visitors,4.275972116044307e-05,1.6701226234436035,0.22716426786354058,0.7967898845672607,visitors,1
259.jpg,can,0.0039853720693228,0.7607576847076416,0.1150012258015152,0.8913650512695312,can,1
260.jpg,Inky,5.507562790244771e-07,2.3693737983703613,5.393485086498074,0.00454610213637352,Tokyo,0
261.jpg,Octopus,3.985372069322849e-06,0.850034773349762,0.2031856612973961,0.8161267042160034,Octopus,1
262.jpg,Escapes,5.023229379042342e-06,0.858890175819397,0.15029350222069918,0.8604553937911987,Escapes,1
263.jpg,Aquarium,5.023229379042342e-06,0.45873865485191345,0.07007546891569148,0.9323234558105469,Aquarium,1
264.jpg,An,0.0046911150399321,3.2711174488067627,1.9529496495377583,0.14185503125190735,Ann,0
265.jpg,octopus,3.985372069322849e-06,0.7892233729362488,0.1480207408674155,0.862413227558136,octopus,1
266.jpg,has,0.0032381148063248,3.944697380065918,1.4662291703394161,0.23079413175582886,has,1
267.jpg,made,0.0011513297089154,1.9850268363952637,0.339977343800757,0.7117864489555359,made,1
268.jpg,brazen,1.7436002803287467e-06,2.757768392562866,0.9021193493492012,0.405708909034729,brazen,1
269.jpg,escape,6.047248591298907e-05,0.719639241695404,0.09039744521698757,0.9135680198669434,escape,1
270.jpg,National,0.0004483543577988,0.2811182737350464,0.03140611105152016,0.9690819382667542,National,1
271.jpg,New,0.0024631813484009,0.6110096573829651,4.955675333381493,0.007043322082608938,Now,0
272.jpg,Zealand,4.3728387982847935e-05,0.46822649240493774,0.057238974515364416,0.9443683624267578,Zealand,1
273.jpg,breaking,7.610953604609609e-05,1.5506279468536377,0.40166909870556067,0.6692021489143372,breaking,1
274.jpg,its,0.0019096574498838,4.359828472137451,3.1923844886475976,0.041073814034461975,it,0
275.jpg,tank,5.147772256208681e-05,0.5410736203193665,0.06391977796726528,0.9380802512168884,tank,1
276.jpg,slithering,3.390333878417007e-07,1.1864718198776245,0.2259394719318358,0.797766387462616,slithering,1
277.jpg,meter,1.702085987939967e-05,1.2025798559188843,0.2041602577861853,0.8153316974639893,meter,1
278.jpg,drainpipe,1.5221907209219217e-07,0.4386802613735199,0.06240996181386737,0.9394976496696472,drainpipe,1
279.jpg,disappearing,5.507562790244771e-06,0.2975020110607147,0.03567007167139542,0.9649586081504822,disappearing,1
280.jpg,In,0.0257388612810434,3.69742751121521,7.544198768082148,0.0005291710840538144,Top,0
281.jpg,scenes,5.258477035912093e-05,1.6484484672546387,0.5409988018191011,0.5821664929389954,scenes,1
282.jpg,reminiscent,5.63210566741111e-06,1.3404258489608765,0.31181600387869857,0.7321162223815918,reminiscent,1
283.jpg,Finding,9.797373003752004e-05,1.8265548944473267,0.4021754906674939,0.6688633561134338,Finding,1
284.jpg,Nemo,2.048038424513131e-06,1.4678071737289429,0.20296512424350238,0.8163067102432251,Nemo,1
285.jpg,common,0.0002186419399142,1.200637936592102,0.15852712714646927,0.8533998131752014,common,1
286.jpg,dash,1.3838097462926564e-05,1.6235729455947876,0.2262732769069705,0.7975001335144043,dash,1
287.jpg,lid,8.939410961050558e-06,1.6876968145370483,0.27655333592814874,0.7583931684494019,lid,1
288.jpg,accidentally,2.297124178845809e-05,0.29000577330589294,0.03477241344069566,0.9658252000808716,accidentally,1
289.jpg,left,0.000577048664204,0.5275606513023376,0.0684594415209368,0.9338313341140747,left,1
290.jpg,slightly,7.777010774164726e-05,1.022653341293335,0.12424964230446252,0.883159339427948,slightly,1
291.jpg,ajar,5.147772256208681e-07,5.557016372680664,4.496771216947751,0.01114492304623127,chair,0
292.jpg,Staff,0.0001660571695551,1.3493869304656982,0.6582709045419628,0.5177457928657532,Staff,1
293.jpg,middle,0.0002089552716901,1.9588247537612915,0.22564379601438994,0.798002302646637,middle,1
294.jpg,night,0.0005632105667411,0.3640482425689697,0.047915732205386405,0.9532141089439392,night,1
295.jpg,aquarium,5.023229379042342e-06,1.756967306137085,0.9255638808085432,0.39630788564682007,aquarium,1
296.jpg,deserted,6.047248591298907e-06,1.293631911277771,0.17269062564695906,0.8413978815078735,deserted,1
297.jpg,clambered,3.030543344380917e-07,0.5189695358276367,0.08073508638160329,0.9224380254745483,clambered,1
298.jpg,top,0.0005147772256208,1.8829643726348877,0.3310087351272788,0.7181988954544067,top,1
299.jpg,glass,9.797373003752004e-05,0.37160059809684753,0.06325798456308418,0.9387012720108032,glass,1
300.jpg,enclosure,5.63210566741111e-06,0.59892737865448,0.09179333135393233,0.9122936725616455,enclosure,1
301.jpg,side,0.0004372838798284,0.7164333462715149,0.10110911837755261,0.9038344025611877,side,1
302.jpg,floor,0.000120529828902,0.8211413025856018,0.09961141022719695,0.9051890969276428,floor,1
303.jpg,Rob,3.099733831695549e-05,1.6427586078643799,0.4364415669527494,0.6463322639465332,Rob,1
304.jpg,Yarrell,0.0,4.2977423667907715,5.477739698504863,0.004178764298558235,Varnell,0
305.jpg,national,0.0004483543577988,1.5317057371139526,0.506642846091902,0.602514922618866,national,1
306.jpg,manager,0.0001291094493291,1.7826281785964966,0.23493922695771036,0.790618896484375,manager,1
307.jpg,Napier,1.8681431574950856e-06,0.37594860792160034,0.0358572496239359,0.9647780060768127,Napier,1
308.jpg,Octopuses,3.722448217527245e-07,1.258315920829773,0.5840576904893021,0.5576310753822327,Octopuses,1
309.jpg,famous,9.57596344434518e-05,1.0198718309402466,0.14409815052523473,0.8658027648925781,famous,1
310.jpg,artists,6.47622961264963e-05,0.8869919776916504,0.3371988785255274,0.713766872882843,artists,1
311.jpg,don,5.507562790244771e-05,1.7070820331573486,0.42923131857689,0.6510093212127686,don't,0
312.jpg,unhappy,1.5913812082365544e-05,0.615523099899292,0.10011533813882614,0.9047330617904663,unhappy,1
313.jpg,us,0.0015221907209219,5.717388153076172,7.938902194189309,0.00035659773857332766,use,0
314.jpg,or,0.0048018198196355,3.60513973236084,0.7747208226580607,0.460832417011261,or,1
315.jpg,lonely,2.4631813484009275e-05,0.965122640132904,0.391857626030372,0.6758003234863281,lonely,1
316.jpg,octopuses,3.722448217527245e-07,0.5186623334884644,0.07002918373015186,0.9323666095733643,octopuses,1
317.jpg,solitary,7.431058337591563e-06,1.502731204032898,0.2325620722652823,0.7925005555152893,solitary,1
318.jpg,creatures,2.2417717889941028e-05,1.0994688272476196,0.19540217001832982,0.8225038051605225,creatures,1
319.jpg,such,0.0009575963444345,0.9278963804244995,0.11762874603547689,0.8890260457992554,such,1
320.jpg,curious,3.90234348454529e-05,0.6994094848632812,0.1868906856667586,0.8295344114303589,curious,1
321.jpg,boy,0.0002048038424513,2.158627510070801,0.568758608856757,0.566227912902832,boy,1
322.jpg,know,0.0017436002803287,0.8172990679740906,0.18202922682297226,0.8335769772529602,know,1
323.jpg,happening,8.731839499106661e-05,0.3150389790534973,0.03279946094049756,0.9677326083183289,happening,1
324.jpg,outside,0.00024631813484,0.31204575300216675,0.04328591451435676,0.9576375484466553,outside,1
325.jpg,That,0.014114859412185,2.372366428375244,0.45687248601891955,0.6332610845565796,That,1
326.jpg,just,0.0037224482175272,1.0006359815597534,0.13646257895350192,0.8724389672279358,just,1
327.jpg,personality,4.9125245993389295e-05,0.6352217793464661,0.1374942580429381,0.8715393543243408,personality,1
328.jpg,One,0.0040822387515633,1.3424862623214722,0.34409381373737213,0.7088624238967896,One,1
329.jpg,theory,0.0001050311597436,1.1090881824493408,0.4268144740626926,0.6525846123695374,theory,1
330.jpg,slid,4.912524599338929e-06,0.16735844314098358,4.151610171995568,0.01573905348777771,slide,0
331.jpg,journey,6.185629565928172e-05,0.12959639728069305,0.015379731400632715,0.9847379326820374,journey,1
332.jpg,three,0.0008344372770144,0.5095053315162659,0.05818723521456293,0.9434732794761658,three,1
333.jpg,four,0.0004691115039932,1.0125889778137207,0.13508893332631935,0.8736382126808167,four,1
334.jpg,meters,2.2417717889941028e-05,2.5864272117614746,0.48053423134423534,0.6184529066085815,meters,1
335.jpg,sensing,6.047248591298907e-06,3.239305257797241,0.6848779420860797,0.5041517615318298,sensing,1
336.jpg,hand,0.0003556391047972,0.8659164905548096,0.1516863348801166,0.8592577576637268,hand,1
337.jpg,led,0.0001785114572717,0.6723475456237793,5.603538112203489,0.0036848033778369427,lead,0
338.jpg,directly,0.0001098744938556,0.4876770079135895,0.05899001590478475,0.9427161812782288,directly,1
339.jpg,long,0.000893941096105,0.6505185961723328,0.08240008612698414,0.9209034442901611,long,1
340.jpg,opened,9.797373003752004e-05,1.9888304471969604,0.33427747661237606,0.7158551216125488,opened,1
341.jpg,onto,8.150639405663745e-05,2.923527479171753,0.46342228365780436,0.6291269063949585,onto,1
342.jpg,waters,3.90234348454529e-05,1.2969157695770264,0.34909260713614615,0.7053278088569641,waters,1
343.jpg,Hawke,1.7436002803287467e-06,1.024496078491211,0.13114379241805676,0.877091646194458,Hawke,1
344.jpg,Bay,7.431058337591563e-05,3.0689592361450195,4.798060485305498,0.008245724253356457,Review,0
345.jpg,east,0.0002006524132124,2.1510379314422607,0.38397883005985955,0.6811458468437195,east,1
346.jpg,coast,0.0001025403022002,2.3209428787231445,0.4620374539888838,0.6299987435340881,coast,1
347.jpg,North,0.000303054334438,0.5687578916549683,0.07705800828922557,0.9258361458778381,North,1
348.jpg,Island,0.0001411485941218,0.6162000298500061,0.09518342068009382,0.9092061519622803,Island,1
349.jpg,Another,0.0007610953604609,0.826558530330658,0.13570329043821172,0.8731016516685486,Another,1
350.jpg,possible,0.000316892431901,0.8992114067077637,0.15658616838117437,0.8550578355789185,possible,1
351.jpg,route,6.47622961264963e-05,0.39248961210250854,0.04537180406906725,0.9556421041488647,route,1
352.jpg,involved,0.0001743600280328,1.0587927103042603,0.2763080762229433,0.7585791945457458,involved,1
353.jpg,squeezing,3.238114806324815e-06,0.9339612126350403,0.17738073218169176,0.8374608755111694,squeezing,1
354.jpg,an,0.0046911150399321,4.520304203033447,4.030834586065216,0.017759501934051514,on,0
355.jpg,pipe,2.4631813484009275e-05,0.6880618929862976,7.585633317156206,0.0005076931556686759,nine,0
356.jpg,under,0.0007431058337591,0.8087988495826721,0.10550208008620042,0.8998726010322571,under,1
357.jpg,drain,1.6190574031624076e-05,1.7299301624298096,0.4239534432433976,0.6544543504714966,drain,1
358.jpg,When,0.0032381148063248,0.9842320084571838,0.2008880376140967,0.8180040121078491,When,1
359.jpg,we,0.0048018198196355,3.5635902881622314,7.861219073092575,0.0003854037495329976,two,0
360.jpg,next,0.0006932886828926,3.9076695442199707,4.241170167596505,0.014390742406249046,novel,0
361.jpg,morning,0.0002961352857066,1.0669738054275513,0.2513258298629545,0.7777689099311829,morning,1
362.jpg,empty,5.383019913078432e-05,0.8459346294403076,0.12261238755343709,0.8846064805984497,empty,1
363.jpg,really,0.001291094493291,0.22190672159194946,0.02696312412403647,0.9733971357345581,really,1
364.jpg,surprised,6.628448684741822e-05,0.7055579423904419,0.11953215029898831,0.887335479259491,surprised,1
365.jpg,launched,5.908867616669641e-05,1.0053561925888062,0.23871349627542424,0.7876405119895935,launched,1
366.jpg,search,0.0001262034488618,1.2537927627563477,0.22782562172339754,0.7962630987167358,search,1
367.jpg,staff,0.0001660571695551,1.039228081703186,0.13038547439663042,0.8777570128440857,staff,1
368.jpg,pretty,0.0003321143391102,0.3554159998893738,0.05477884260260301,0.9466944932937622,pretty,1
369.jpg,sad,9.57596344434518e-05,0.29539814591407776,0.03554345299036315,0.9650807976722717,sadness,0
370.jpg,always,0.0007956906041182,0.3358790874481201,0.04050262423302358,0.9603066444396973,always,1
371.jpg,bit,0.0003238114806324,1.6223053932189941,4.550990783696935,0.010556739754974842,hit,0
372.jpg,surprise,7.777010774164726e-05,1.1452538967132568,0.21350682310885058,0.8077466487884521,surprise,1
373.jpg,Reiss,6.628448684741822e-07,4.9593586921691895,5.268517967275921,0.005151239223778248,Peace,0
374.jpg,Jenkinson,4.372838798284794e-07,4.300161361694336,1.6344628966375168,0.19505710899829865,Jankinson,0
375.jpg,exhibits,9.146982422994455e-06,0.37145161628723145,0.041505841411759524,0.9593437314033508,exhibits,1
376.jpg,keeper,1.4530002336072889e-05,0.9781101942062378,0.13705446977967303,0.8719227313995361,keeper,1
377.jpg,absolutely,0.0001321538307709,0.8704832196235657,0.26097565402880574,0.7702996730804443,absolutely,1
378.jpg,certain,0.0002006524132124,1.1053131818771362,0.15150661958929856,0.8594121932983398,certain,1
379.jpg,taken,0.0002961352857066,2.024829387664795,0.28290684169621727,0.7535899877548218,taken,1
380.jpg,understand,0.0003238114806324,0.33398663997650146,0.036783647484339474,0.9638846516609192,understand,1
381.jpg,behavior,6.780667756834015e-05,0.44515261054039,0.089442210487124,0.9144411087036133,behavior,1
382.jpg,well,0.0014806764285331,0.7597625255584717,0.09727253649683142,0.9073086977005005,well,1
383.jpg,seen,0.0004580410260228,2.692786455154419,0.5094198037000395,0.6008440852165222,seen,1
384.jpg,boats,2.4631813484009275e-05,1.227816104888916,0.3400867973233792,0.7117085456848145,boats,1
385.jpg,slip,2.643076615418973e-05,0.5378189086914062,9.519713730184392,7.339067087741569e-05,clip,0
386.jpg,through,0.0010254030220028,0.40339750051498413,0.04442171686263978,0.9565504789352417,through,1
387.jpg,bilge,6.47622961264963e-07,4.102075576782227,7.196341988411982,0.0007493218290619552,hinge,0
388.jpg,pumps,9.354553884938354e-06,3.4634835720062256,2.6416287586316445,0.07124513387680054,bumps,0
389.jpg,And,0.0355639104797212,3.1182403564453125,0.9195304798482101,0.39870619773864746,And,1
390.jpg,security,0.0002186419399142,1.1585747003555298,0.29959733360897806,0.7411165833473206,security,1
391.jpg,here,0.001291094493291,1.9842244386672974,1.1466933330536673,0.3176855146884918,hero,0
392.jpg,tight,5.147772256208681e-05,1.0255244970321655,0.17491826092875468,0.8395256400108337,tight,1
393.jpg,anyone,0.0003321143391102,0.6341343522071838,0.09186670517400986,0.9122267365455627,anyone,1
394.jpg,why,0.001177622094095,3.932638168334961,5.0718348153723,0.006270903628319502,web,0
395.jpg,they,0.0043728387982847,0.8980567455291748,0.15170187334228502,0.8592444062232971,they,1
396.jpg,Because,0.0014806764285331,0.6816184520721436,0.17171492628772012,0.8422192335128784,Because,1
397.jpg,no,0.0030997338316955,2.3453476428985596,0.44524821568459855,0.6406652331352234,no,1
398.jpg,bones,2.892162369751651e-05,3.7184014320373535,1.4848435533823792,0.2265377789735794,bones,1
399.jpg,able,0.0003722448217527,1.4654101133346558,0.18759164301397274,0.8289531469345093,able,1
400.jpg,fit,0.0001232974483946,1.4273663759231567,0.3483034607214646,0.7058846354484558,fit,1
401.jpg,small,0.0004483543577988,0.7709869742393494,0.09484048631746306,0.9095180034637451,small,1
402.jpg,spaces,2.643076615418973e-05,2.130312442779541,0.35962445715712843,0.6979383826255798,spaces,1
403.jpg,filmed,1.5913812082365544e-05,2.6467483043670654,2.5497502978858866,0.07810116559267044,film,0
404.jpg,gaps,1.001878256315883e-05,1.8030474185943604,5.65897849131645,0.0034860761370509863,dance,0
405.jpg,size,0.0001868143157495,1.099367618560791,0.1536965458979571,0.8575322031974792,size,1
406.jpg,coins,2.518533738252634e-05,1.5627846717834473,0.2186127615917422,0.8036328554153442,coins,1
407.jpg,They,0.0043728387982847,2.0536632537841797,0.5322501622966486,0.5872820019721985,They,1
408.jpg,understood,5.258477035912093e-05,0.3581646978855133,0.04299647193200927,0.9579147696495056,understood,1
409.jpg,intelligent,2.6984290052706792e-05,0.5758536458015442,0.08363630351151621,0.9197657108306885,intelligent,1
410.jpg,capable,5.63210566741111e-05,2.4469149112701416,0.4225459542699278,0.655376136302948,capable,1
411.jpg,using,0.0004082238751563,0.4142535626888275,0.04352096543857407,0.9574124813079834,using,1
412.jpg,tools,5.383019913078432e-05,1.7395483255386353,0.24475498014198752,0.7828963398933411,tools,1
413.jpg,At,0.0069328868289262,5.689853668212891,7.716265324721005,0.0004455213784240186,AND,0
414.jpg,Marine,4.691115039932104e-05,0.9390429854393005,0.13221652748002272,0.8761512637138367,Marine,1
415.jpg,Education,0.0002643076615418,0.32098689675331116,0.05207637930710317,0.9492563605308533,Education,1
416.jpg,Center,0.0002144905106753,0.7467032074928284,0.19120137920746597,0.8259662389755249,Center,1
417.jpg,Wellington,9.146982422994455e-06,1.2974541187286377,0.20224484738314547,0.8168948888778687,Wellington,1
418.jpg,habit,2.4078289585492212e-05,0.7197648882865906,0.12178382409234312,0.8853397369384766,habit,1
419.jpg,visiting,3.805476802304805e-05,1.5234644412994385,0.39888922795543685,0.6710650324821472,visiting,1
420.jpg,another,0.0007610953604609,0.35357266664505005,0.04102152607257582,0.9598084688186646,another,1
421.jpg,overnight,2.144905106753617e-05,1.1555092334747314,0.36584198066936674,0.6936123967170715,overnight,1
422.jpg,steal,3.5563910479721264e-05,1.3735051155090332,0.20076147745670467,0.818107545375824,steal,1
423.jpg,crabs,3.473362463194567e-06,0.3332192301750183,0.03629728667423337,0.9643535614013672,crabs,1
424.jpg,returning,4.275972116044307e-05,0.3889523446559906,0.05638582244290957,0.9451743960380554,returning,1
425.jpg,own,0.0007610953604609,0.8948035836219788,0.10586181038378258,0.8995489478111267,own,1
426.jpg,center,0.0002144905106753,0.5262476205825806,0.08125687086271728,0.9219568371772766,center,1
427.jpg,Ozymandias,2.518533738252634e-07,0.08649403601884842,0.0079958370775099,0.9920360445976257,Ozymandias,1
428.jpg,thought,0.0005383019913078,0.5848149657249451,0.09076300776745949,0.9132341146469116,thought,1
429.jpg,broken,0.0001050311597436,0.42200350761413574,0.05521040609049129,0.9462860226631165,broken,1
430.jpg,record,0.0002241771788994,0.6936237812042236,0.08806860680274838,0.9156980514526367,record,1
431.jpg,opening,0.000120529828902,1.1945070028305054,0.160696380677507,0.8515505790710449,opening,1
432.jpg,jar,1.1776220940950502e-05,4.33735466003418,2.372335172603462,0.0932626873254776,air,0
433.jpg,released,0.0001549866915847,0.5641236901283264,0.10625110085810738,0.8991988301277161,released,1
434.jpg,brought,0.0002006524132124,0.8291115164756775,0.10122149739463543,0.9037328362464905,brought,1
435.jpg,number,0.000577048664204,1.1253553628921509,0.20478820565431388,0.814819872379303,number,1
436.jpg,ago,0.0003639419632749,5.825713157653809,4.034360095789272,0.01769700087606907,dog,0
437.jpg,local,0.0003722448217527,0.8584082126617432,0.12150150693844895,0.8855897188186646,local,1
438.jpg,him,0.0017851145727175,0.3896856904029846,0.04159083974632798,0.9592621922492981,him,1
439.jpg,caught,0.0001098744938556,2.7487471103668213,0.5708006455391227,0.5650728344917297,caught,1
440.jpg,crayfish,9.797373003752006e-07,1.1586683988571167,0.22557321426125254,0.7980586290359497,crayfish,1
441.jpg,pot,3.473362463194567e-05,2.071878433227539,1.2146849610585027,0.2968035042285919,not,0
442.jpg,scarred,2.57388612810434e-06,0.6345885992050171,0.10952324065538559,0.8962613344192505,scarred,1
443.jpg,rough,4.275972116044307e-05,0.43490850925445557,0.05546686303807675,0.9460433721542358,rough,1
444.jpg,looking,0.0005147772256208,1.2394156455993652,0.36121186944104916,0.6968313455581665,looking,1
445.jpg,living,0.0002767619492585,1.7696633338928223,0.29589986126592477,0.7438619136810303,living,1
446.jpg,reef,9.354553884938354e-06,0.9443684220314026,9.992961184565386,4.5720618800260127e-05,roof,0
447.jpg,fighting,0.0001151329708915,1.5680923461914062,0.28531364767043516,0.7517784237861633,fighting,1
448.jpg,fish,0.0001098744938556,0.7416785359382629,0.09859661919517362,0.9061081409454346,fish,1
449.jpg,wasn,8.538106134625688e-07,1.8151251077651978,0.901126331194195,0.4061119854450226,wasp,0
450.jpg,best,0.0009575963444345,1.0389901399612427,5.651684775060917,0.0035115955397486687,host,0
451.jpg,shape,7.265001168036444e-05,1.033978819847107,0.1680291825563742,0.8453291654586792,shape,1
452.jpg,According,0.0002643076615418,1.2034106254577637,0.44936297996648317,0.638034462928772,According,1
453.jpg,rugby,3.473362463194567e-05,0.6507033109664917,0.1253943244341102,0.8821489810943604,rugby,1
454.jpg,ball,0.0001522190720921,2.157960891723633,0.7896414815788526,0.4540075361728668,ball,1
455.jpg,unusually,7.956906041182772e-06,0.851020336151123,0.14014487419897756,0.8692322969436646,unusually,1
456.jpg,friendly,6.047248591298907e-05,0.5284695625305176,0.0931943746079591,0.9110164046287537,friendly,1
457.jpg,inquisitive,1.3215383077094866e-06,1.2422147989273071,0.20258667333839053,0.8166157007217407,inquisitive,1
458.jpg,popular,0.0001619057403162,0.9058890342712402,0.14122525450156748,0.8682937026023865,popular,1
459.jpg,attraction,1.7851145727175263e-05,0.6703107953071594,0.12799899673049298,0.8798542618751526,attraction,1
460.jpg,Blotchy,2.048038424513131e-07,5.073160648345947,1.988277569922604,0.13693107664585114,Bleach,0
461.jpg,smaller,8.731839499106661e-05,0.9958005547523499,0.24436502422307296,0.7832016944885254,smaller,1
462.jpg,than,0.001868143157495,0.918587863445282,0.17426373158663314,0.8400753140449524,than,1
463.jpg,plans,0.0001411485941218,1.6683216094970703,0.5057365962137356,0.6030611991882324,plans,1
464.jpg,step,0.0001868143157495,2.0500099658966064,2.490226871990421,0.08289115875959396,stop,0
465.jpg,up,0.003390333878417,3.9404163360595703,2.242766622778632,0.10616438090801239,cup,0
466.jpg,result,0.0002089552716901,0.39935141801834106,0.05587256594850073,0.9456596374511719,result,1
467.jpg,one,0.0040822387515633,1.1696813106536865,0.1679630458249331,0.8453850746154785,one,1
468.jpg,increasingly,3.321143391102375e-05,0.217902272939682,0.027836881072376373,0.9725469946861267,increasingly,1
469.jpg,aware,8.344372770144716e-05,0.6053120493888855,0.07552779024290575,0.9272539615631104,aware,1
470.jpg,actually,0.0004275972116044,0.2660498321056366,0.034458278349472904,0.9661286473274231,actually,1
471.jpg,do,0.0030997338316955,1.547668218612671,1.1013370687552981,0.3324263095855713,dog,0
472.jpg,Although,0.0002767619492585,0.7498226165771484,0.1706329995209082,0.8431309461593628,Although,1
473.jpg,actively,2.352476568697515e-05,0.7660102844238281,0.13788388382380112,0.8711998462677002,actively,1
474.jpg,searching,3.1689243190101826e-05,1.722934365272522,0.2609883441857785,0.7702898979187012,searching,1
475.jpg,replacement,3.805476802304805e-05,1.0975310802459717,0.1923081863424877,0.8250525593757629,replacement,1
476.jpg,if,0.0040822387515633,3.233558416366577,0.6516365270405418,0.5211921334266663,if,1
477.jpg,might,0.0006324010540557,1.2955577373504639,0.21458549500742746,0.8068758249282837,might,1
478.jpg,willing,7.265001168036444e-05,0.19546307623386383,0.022803552391862592,0.9774544835090637,willing,1
479.jpg,Japan,0.0001073836363123,0.30060359835624695,0.032447339544025185,0.9680734276771545,Japan,1
480.jpg,Calls,0.0001125037323735,2.829679012298584,1.6978696522303987,0.18307311832904816,calls,0
481.jpg,Time,0.0026984290052706,0.8396971225738525,0.14561729670603596,0.8644884824752808,Time,1
482.jpg,Long,0.000893941096105,1.0539555549621582,1.5615360702607497,0.20981353521347046,long,0
483.jpg,Hours,0.0003473362463194,1.7142133712768555,0.6913836046241897,0.5008825659751892,Hours,1
484.jpg,Work,0.0012620344886189,0.9410765171051025,0.18889610417487843,0.8278725147247314,Work,1
485.jpg,Culture,0.0001480676428533,0.28002867102622986,0.04550578660662747,0.9555140733718872,Culture,1
486.jpg,regulation,3.321143391102375e-05,0.34604954719543457,0.044643136175041266,0.9563387036323547,regulation,1
487.jpg,eight,0.0001453000233607,0.5612926483154297,0.09393272383839125,0.9103440046310425,eight,1
488.jpg,hours,0.0003473362463194,0.8034231662750244,0.08618362692079393,0.9174257516860962,hours,1
489.jpg,office,0.0003473362463194,0.13052697479724884,0.016046674456098326,0.9840813875198364,office,1
490.jpg,over,0.0016605716955511,1.0016868114471436,0.12631096038510034,0.881340742111206,over,1
491.jpg,most,0.0013838097462926,1.3709999322891235,0.21172723402953708,0.8091853857040405,most,1
492.jpg,important,0.0003805476802304,0.8321152925491333,0.1747396459032208,0.8396756052970886,important,1
493.jpg,work,0.0012620344886189,0.2350492924451828,0.025978176458610162,0.9743563532829285,work,1
494.jpg,day,0.0012329744839467,0.4311745762825012,0.054223997086090214,0.9472199082374573,day,1
495.jpg,whatever,0.0001909657449883,1.8958766460418701,0.43495875774091247,0.647291362285614,whatever,1
496.jpg,wait,0.0003099733831695,0.7041869163513184,0.07826082089734104,0.924723207950592,wait,1
497.jpg,This,0.0091469824229944,1.4313106536865234,0.3163249388397195,0.7288225889205933,This,1
498.jpg,point,0.0004801819819635,0.9545913934707642,0.1167164803216311,0.8898374438285828,point,1
499.jpg,workers,0.0001232974483946,0.6243048310279846,0.08764338589981238,0.9160875082015991,workers,1
500.jpg,heading,4.179105433803821e-05,2.2211086750030518,0.5566290680348791,0.5731378197669983,heading,1
501.jpg,Yet,0.0004801819819635,1.9754469394683838,10.593919858165462,2.5067964088520966e-05,Veteran,0
502.jpg,millions,6.047248591298907e-05,0.56415194272995,0.10840108947980243,0.8972676396369934,millions,1
503.jpg,Japanese,8.939410961050559e-05,0.5574350357055664,0.08216665355300697,0.921118438243866,Japanese,1
504.jpg,employees,8.939410961050559e-05,0.28281038999557495,0.038166495705130005,0.9625526666641235,employees,1
505.jpg,clearing,1.5221907209219216e-05,1.3880031108856201,0.20598383683576776,0.813846230506897,clearing,1
506.jpg,away,0.000577048664204,1.5823715925216675,0.2094421127382069,0.8110365867614746,away,1
507.jpg,their,0.0029613528570662,1.3878464698791504,0.5827099801667888,0.5583831071853638,their,1
508.jpg,desks,3.3903338784170077e-06,2.364856481552124,0.6189600139991753,0.5385041832923889,desks,1
509.jpg,being,0.0012329744839467,0.7488756775856018,0.10392404279290259,0.9012937545776367,being,1
510.jpg,dinner,8.344372770144716e-05,0.7202150225639343,0.08903640762451928,0.9148122668266296,dinner,1
511.jpg,enough,0.0004801819819635,0.37182143330574036,0.04101978725836762,0.9598101377487183,enough,1
512.jpg,invite,2.7676194925853125e-05,0.8699467182159424,0.12530236922751425,0.8822301030158997,invite,1
513.jpg,accusations,9.797373003752003e-06,0.3761320114135742,0.0510481423020385,0.9502329230308533,accusations,1
514.jpg,disloyalty,5.770486642040376e-07,0.6862573623657227,0.21925222861307764,0.8031191229820251,disloyalty,1
515.jpg,company,0.0005507562790244,0.6830192804336548,0.09456606623783656,0.9097676277160645,company,1
516.jpg,decades,5.258477035912093e-05,0.771242082118988,0.1157557921677116,0.8906927108764648,decades,1
517.jpg,giving,0.0001951171742272,2.021665573120117,0.663148238759833,0.5152267217636108,giving,1
518.jpg,companies,0.0002089552716901,1.0585576295852661,0.20231409346012566,0.8168383240699768,companies,1
519.jpg,carte,2.0065241321243517e-06,2.511429786682129,0.7987693551016058,0.44988226890563965,carte,1
520.jpg,blanche,3.3211433911023743e-06,1.4362342357635498,0.48658463916575845,0.6147223114967346,blanche,1
521.jpg,milk,6.324010540557438e-05,0.5415433645248413,0.05997715249864862,0.9417860507965088,milk,1
522.jpg,every,0.0008538106134625,0.3173355758190155,0.037967059951000415,0.9627446532249451,every,1
523.jpg,last,0.0010018782563158,1.1644483804702759,0.17674528760971264,0.8379932045936584,last,1
524.jpg,drop,0.0001351982122127,0.6213253736495972,0.09890978549851272,0.9058244228363037,drop,1
525.jpg,productivity,1.951171742272645e-05,0.4549412131309509,0.09120464092685336,0.9128308892250061,productivity,1
526.jpg,workforce,1.2052982890209034e-05,0.6083683371543884,0.12191767323432623,0.8852212429046631,workforce,1
527.jpg,challenge,0.0001050311597436,0.6985037326812744,0.16388597388631676,0.8488388061523438,challenge,1
528.jpg,ingrained,1.6605716955511872e-06,1.4443117380142212,0.27212608562486174,0.7617582082748413,ingrained,1
529.jpg,overwork,5.770486642040376e-07,0.8704962730407715,0.19920093875572228,0.8193852305412292,overwork,1
530.jpg,government,0.0005147772256208,0.7591550946235657,0.16345639587183006,0.8492035269737244,government,1
531.jpg,considering,6.047248591298907e-05,0.3680749833583832,0.04569724811638383,0.9553311467170715,considering,1
532.jpg,making,0.0004801819819635,2.0188114643096924,0.5327097238574335,0.5870121717453003,making,1
533.jpg,legal,0.0001660571695551,0.18986335396766663,0.021025874767389884,0.9791936278343201,legal,1
534.jpg,requirement,2.518533738252634e-05,0.31320667266845703,0.04654963106692955,0.9545171856880188,requirement,1
535.jpg,least,0.0003805476802304,0.46029132604599,0.050586206702169886,0.9506719708442688,least,1
536.jpg,five,0.0003902343484545,1.932691216468811,0.37349375349310227,0.6883252859115601,five,1
537.jpg,days,0.0005632105667411,3.197462797164917,1.9383019916855257,0.14394816756248474,Dave,0
538.jpg,paid,0.0001826628865106,2.5422439575195312,0.42927499235465266,0.6509808897972107,paid,1
539.jpg,holiday,6.324010540557438e-05,1.221922516822815,0.3019051492048495,0.7394081950187683,holiday,1
540.jpg,year,0.0012620344886189,0.3913284242153168,0.05112379314395679,0.9501610398292542,year,1
541.jpg,currently,0.0001660571695551,1.3761303424835205,0.383280422626043,0.6816217303276062,currently,1
542.jpg,entitled,4.4835435779882056e-05,0.9204139709472656,0.17340112005295058,0.8408002853393555,entitled,1
543.jpg,average,0.0002006524132124,0.44832783937454224,0.049789264421318674,0.9514299035072327,average,1
544.jpg,only,0.0018266288651063,0.8748610615730286,0.09279227856163717,0.911382794380188,only,1
545.jpg,fewer,2.8229718824370185e-05,2.436475992202759,0.4228044597097142,0.6552067399024963,fewer,1
546.jpg,global,0.0001232974483946,1.069770097732544,0.17321200242505042,0.8409593105316162,global,1
547.jpg,minimum,6.780667756834015e-05,1.0785412788391113,0.18482302346126583,0.8312513828277588,minimum,1
548.jpg,ten,0.0001549866915847,4.516254901885986,2.5044165520499866,0.08172326534986496,ton,0
549.jpg,holidays,2.297124178845809e-05,1.7118372917175293,0.4290819997966267,0.6511065363883972,holidays,1
550.jpg,reality,0.0001073836363123,0.5834380984306335,0.10285545276096855,0.9022573828697205,reality,1
551.jpg,even,0.0013519821221279,0.5124878287315369,0.06866913869122432,0.9336355328559875,even,1
552.jpg,close,0.000316892431901,0.3814607262611389,0.05384607275686441,0.947577953338623,close,1
553.jpg,taking,0.0003390333878417,0.9853166937828064,0.19810653552641241,0.8202824592590332,taking,1
554.jpg,quota,4.691115039932105e-06,1.6263350248336792,0.6781734362911799,0.5075432062149048,quota,1
555.jpg,typically,5.770486642040376e-05,0.7488547563552856,0.1799335488446978,0.8353257179260254,typically,1
556.jpg,nine,0.0001025403022002,0.847998857498169,0.10938851334863667,0.8963820934295654,nine,1
557.jpg,entitlement,4.912524599338929e-06,0.29678773880004883,0.04929716461114345,0.9518982172012329,entitlement,1
558.jpg,While,0.0010018782563158,0.56065434217453,0.11127221897820566,0.8946951627731323,While,1
559.jpg,British,0.0002089552716901,0.5013793706893921,0.0649544732138838,0.9371101260185242,British,1
560.jpg,regard,3.1689243190101826e-05,1.208041787147522,0.15775676799144303,0.8540574908256531,regard,1
561.jpg,week,0.0005023229379042,0.22283750772476196,0.024484155153102007,0.9758131504058838,week,1
562.jpg,summer,0.0002352476568697,1.1331517696380615,0.24915465487195776,0.7794594168663025,summer,1
563.jpg,inalienable,6.780667756834014e-07,1.8039722442626953,1.0744116604259666,0.34149861335754395,independent,0
564.jpg,right,0.0012620344886189,0.8921542763710022,0.10965645632726576,0.8961419463157654,right,1
565.jpg,vacation,3.473362463194567e-05,1.1908314228057861,0.24248330220556213,0.7846768498420715,vacation,1
566.jpg,height,4.691115039932104e-05,0.6962025165557861,0.08440342530577635,0.9190604090690613,height,1
567.jpg,self,0.00024631813484,1.0656882524490356,0.1504326774356262,0.860335648059845,self,1
568.jpg,indulgence,2.1449051067536167e-06,0.7641547322273254,0.12491572289526676,0.882571280002594,indulgence,1
569.jpg,move,0.0003099733831695,0.48796546459198,0.06134278405191819,0.940500795841217,move,1
570.jpg,debated,5.507562790244771e-06,0.4044715464115143,0.062064066409936294,0.9398226737976074,debated,1
571.jpg,current,0.0002573886128104,1.2503635883331299,0.19820071193633776,0.8202052116394043,current,1
572.jpg,parliamentary,2.0895527169019103e-05,0.7207987904548645,0.18852042047237894,0.8281835913658142,parliamentary,1
573.jpg,session,7.265001168036444e-05,0.9359985589981079,0.14091351424579884,0.8685644268989563,session,1
574.jpg,comes,0.000316892431901,0.1808599978685379,0.017730996691368357,0.9824252724647522,comes,1
575.jpg,started,0.0003390333878417,1.8941385746002197,0.579818916743019,0.5599997639656067,started,1
576.jpg,encouraging,1.9096574498838653e-05,0.6258717775344849,0.08427930265947263,0.9191744923591614,encouraging,1
577.jpg,nap,9.146982422994455e-06,4.4327073097229,2.9882954671923705,0.050373226404190063,man,0
578.jpg,job,0.0004372838798284,3.736759662628174,1.1005303567099736,0.3326945900917053,job,1
579.jpg,improve,8.538106134625688e-05,0.038507185876369476,0.0034887781094235684,0.9965173006057739,improve,1
580.jpg,performance,0.0002006524132124,0.48040443658828735,0.08164090181442119,0.9216028451919556,performance,1
581.jpg,By,0.0063240105405574,2.3593335151672363,12.550835435755227,3.541941850926378e-06,Rival,0
582.jpg,end,0.0006628448684741,1.0043474435806274,0.12742239254061852,0.8803617358207703,end,1
583.jpg,decade,4.5804102602286914e-05,1.6918834447860718,0.3861747631633394,0.6796517372131348,decade,1
584.jpg,passed,0.0001151329708915,1.372133731842041,0.18786505755116076,0.8287265300750732,passed,1
585.jpg,law,0.0003985372069322,0.6958075761795044,0.11739177046473913,0.8892367482185364,law,1
586.jpg,push,9.146982422994456e-05,0.5349903106689453,0.07020883848789625,0.9321991205215454,push,1
587.jpg,towards,0.0001591381208236,0.5849472284317017,0.06200210585557816,0.939880907535553,towards,1
588.jpg,following,0.0003985372069322,1.1401952505111694,0.22315836317813156,0.7999881505966187,following,1
589.jpg,example,0.0002573886128104,0.3092992603778839,0.03890712745398004,0.961840033531189,example,1
590.jpg,set,0.0005383019913078,1.3896509408950806,6.8299730235163425,0.0010808872757479548,cot,0
591.jpg,use,0.000893941096105,3.3664419651031494,1.1987645866850158,0.30156654119491577,use,1
592.jpg,annual,0.000120529828902,0.5488827228546143,0.10527862222926328,0.9000737071037292,annual,1
593.jpg,leave,0.000303054334438,0.5980520248413086,0.08276921105199507,0.9205635786056519,leave,1
594.jpg,those,0.0010987449385563,1.500137209892273,0.21094026504017752,0.8098224401473999,those,1
595.jpg,France,0.000120529828902,0.4713877737522125,0.05624148380416078,0.9453108310699463,France,1
596.jpg,unforgiving,1.2329744839467566e-06,0.6687865257263184,0.11169441278502473,0.8943175077438354,unforgiving,1
597.jpg,may,0.0013215383077094,2.6757638454437256,1.3522940971037556,0.2586462199687958,move,0
598.jpg,helped,0.0001050311597436,1.9808655977249146,0.33849424515197296,0.7128428816795349,helped,1
599.jpg,turn,0.0002892162369751,1.5634616613388062,0.21528832808313905,0.806308925151825,turn,1
600.jpg,economic,0.0001743600280328,0.8585787415504456,0.28053469402585796,0.7553797364234924,economic,1
601.jpg,superpower,2.297124178845809e-06,1.3263072967529297,0.3545258847729698,0.7015059590339661,superpower,1
602.jpg,corporate,6.047248591298907e-05,0.7521607279777527,0.13761107511970308,0.8714375495910645,corporate,1
603.jpg,foot,0.0001025403022002,2.7161388397216797,0.5922826499625875,0.5530633926391602,foot,1
604.jpg,soldiers,6.932886828926206e-05,0.9165830016136169,0.21549673828188715,0.8061408996582031,soldiers,1
605.jpg,revered,3.030543344380917e-06,1.3252553939819336,0.1683949878029072,0.8450199961662292,revered,1
606.jpg,commitment,3.722448217527245e-05,0.5108629465103149,0.1011170979264305,0.9038271903991699,commitment,1
607.jpg,often,0.0003556391047972,0.24708867073059082,0.023000962381979732,0.9772615432739258,often,1
608.jpg,exclusion,6.628448684741822e-06,0.37272146344184875,0.05350117711456411,0.9479048252105713,exclusion,1
609.jpg,everything,0.0004801819819635,1.2288333177566528,0.2580658168410553,0.7725443840026855,everything,1
610.jpg,else,0.0003321143391102,0.5579492449760437,0.10367376329353713,0.9015193581581116,else,1
611.jpg,low,0.0002961352857066,1.9639052152633667,0.44412813692581365,0.6413832306861877,low,1
612.jpg,birth,8.150639405663745e-05,0.5934559106826782,0.08545311745539705,0.9180961847305298,birth,1
613.jpg,rate,0.0001909657449883,1.830541968345642,0.6271198607302161,0.534127950668335,rate,1
614.jpg,predictions,1.2052982890209034e-05,0.49531492590904236,0.09475450898449511,0.9095962047576904,predictions,1
615.jpg,rapid,3.321143391102375e-05,1.9633762836456299,0.397240205961169,0.6721725463867188,rapid,1
616.jpg,population,0.0001411485941218,0.5375948548316956,0.08370363730117644,0.9197037816047668,population,1
617.jpg,decline,3.473362463194567e-05,0.3960609436035156,0.052891674436287305,0.9484827518463135,decline,1
618.jpg,partly,2.7676194925853125e-05,0.5814447402954102,0.06816115364897722,0.9341099262237549,partly,1
619.jpg,blamed,1.098744938556369e-05,1.1376363039016724,0.13801655266365345,0.8710842728614807,blamed,1
620.jpg,lack,0.0001151329708915,2.248086452484131,3.839042804510167,0.021514184772968292,black,0
621.jpg,couples,3.0305433443809167e-05,2.0774736404418945,0.4633373985662092,0.6291803121566772,couples,1
622.jpg,start,0.0005023229379042,0.81840980052948,0.09901777166099048,0.9057266116142273,start,1
623.jpg,families,0.000120529828902,0.36420634388923645,0.051576751506544505,0.9497307538986206,families,1
624.jpg,More,0.0031689243190101,1.5543813705444336,0.2738542357432451,0.7604429125785828,More,1
625.jpg,falling,6.324010540557438e-05,1.2734676599502563,0.22581463194594173,0.7978659868240356,falling,1
626.jpg,ill,7.265001168036444e-05,1.6884534358978271,0.31776853485594364,0.7277712225914001,illness,0
627.jpg,stress,7.431058337591563e-05,1.8034158945083618,0.38392615257347,0.6811817288398743,stress,1
628.jpg,worse,0.0001073836363123,1.7163065671920776,0.2846629307571937,0.7522677779197693,worse,1
629.jpg,succumbing,7.777010774164727e-07,0.4694485068321228,0.06634685939936821,0.9358062148094177,succumbing,1
630.jpg,karoshi,2.6430766154189734e-08,4.0120086669921875,1.8329968490966226,0.15993355214595795,Karoshi,0
631.jpg,death,0.0003473362463194,0.890318751335144,0.1387120006357956,0.8704786896705627,death,1
632.jpg,studies,0.0001321538307709,2.28446102142334,0.81111851756618,0.44436076283454895,studies,1
633.jpg,suggesting,2.4631813484009275e-05,0.3764806091785431,0.07922394598777228,0.9238330125808716,suggesting,1
634.jpg,longer,0.0002006524132124,2.2479023933410645,0.34300886610551373,0.7096319198608398,longer,1
635.jpg,workshop,1.951171742272645e-05,0.35359349846839905,0.05338366053218834,0.9480162262916565,workshop,1
636.jpg,factory,4.9125245993389295e-05,0.38449418544769287,0.045470230831495664,0.9555480480194092,factory,1
637.jpg,necessarily,4.179105433803821e-05,0.41158080101013184,0.08802805529045943,0.9157351851463318,necessarily,1
638.jpg,people,0.0024631813484009,0.4795278012752533,0.060003417755402036,0.941761314868927,people,1
639.jpg,productive,2.297124178845809e-05,0.39194899797439575,0.08156497627134408,0.9216728210449219,productive,1
640.jpg,today,0.0004912524599338,0.9222712516784668,0.15596769833783133,0.8555868268013,today,1
641.jpg,still,0.0011513297089154,0.5920835733413696,0.07195912344395584,0.9305689334869385,still,1
642.jpg,nursing,2.892162369751651e-05,1.3111717700958252,0.20516258786311603,0.8145148754119873,nursing,1
643.jpg,collective,2.7676194925853125e-05,0.8872399926185608,0.19917766122565922,0.8194043040275574,collective,1
644.jpg,hangover,4.372838798284793e-06,0.28278687596321106,0.04533219907492844,0.9556799530982971,hangover,1
645.jpg,bubble,2.0065241321243514e-05,0.5265193581581116,0.12567787806853079,0.8818988800048828,bubble,1
646.jpg,About,0.0034733624631945,0.20190340280532837,0.02805956212186133,0.9723304510116577,About,1
647.jpg,compared,0.0001151329708915,1.8865711688995361,0.518849279726233,0.5952050685882568,compared,1
648.jpg,US,0.0015221907209219,6.930751323699951,6.659698592759204,0.0012815325753763318,SIX,0
649.jpg,according,0.0002643076615418,0.4686805307865143,0.07518529641211089,0.9275715947151184,according,1
650.jpg,data,0.000303054334438,2.8850860595703125,0.6484786049800704,0.5228406190872192,data,1
651.jpg,spending,7.098943998481325e-05,0.31135082244873047,0.043613980186708444,0.957323431968689,spending,1
652.jpg,Erika,2.048038424513131e-06,3.2744030952453613,1.879871070240668,0.15260978043079376,Frika,0
653.jpg,Sekiguchi,6.047248591298907e-08,4.250795364379883,0.8496313011684538,0.4275725483894348,Sakiguchi,0
654.jpg,extreme,5.507562790244771e-05,1.065049648284912,0.28539943756548475,0.7517139315605164,extreme,1
655.jpg,trading,5.908867616669641e-05,0.9520123600959778,0.18961006892808957,0.827281653881073,trading,1
656.jpg,employee,4.3728387982847935e-05,0.5542968511581421,0.09273270072649693,0.9114370942115784,employee,1
657.jpg,used,0.0008731839499106,0.9850242733955383,0.12622717092949107,0.8814145922660828,used,1
658.jpg,counted,1.5221907209219216e-05,2.1375534534454346,0.44116226590582985,0.6432883143424988,counted,1
659.jpg,sick,0.0001050311597436,1.118816614151001,0.17411169397551307,0.840203046798706,sick,1
660.jpg,Nobody,0.0001232974483946,0.9673448204994202,0.25565735828785663,0.7744072675704956,Nobody,1
661.jpg,uses,0.0001050311597436,5.374576568603516,5.705876135008765,0.0033263617660850286,use,0
662.jpg,faces,5.383019913078432e-05,2.8326873779296875,0.6583366421516414,0.5177117586135864,faces,1
663.jpg,dilemma,7.431058337591563e-06,0.6316814422607422,0.08429155859889395,0.9191632270812988,dilemma,1
664.jpg,criticism,4.275972116044307e-05,0.7324397563934326,0.12107770965874147,0.88596510887146,criticism,1
665.jpg,leaving,0.0001321538307709,0.7692719101905823,0.10442584843716322,0.9008415937423706,leaving,1
666.jpg,colleagues,2.6984290052706792e-05,1.7991091012954712,0.2836373066579146,0.7530397176742554,colleagues,1
667.jpg,lurch,8.538106134625688e-07,1.7906519174575806,0.618513054865809,0.5387449264526367,lurch,1
668.jpg,Yuu,3.390333878417007e-07,3.715153217315674,5.972673976351188,0.002547420561313629,VIII,0
669.jpg,Wakebe,0.0,2.061805009841919,0.3867472493999615,0.6792627573013306,Wakeboard,0
670.jpg,health,0.0003805476802304,0.7058245539665222,0.1293482107654249,0.878667950630188,health,1
671.jpg,ministry,5.908867616669641e-05,1.4992954730987549,0.23628101072629867,0.7895587682723999,ministry,1
672.jpg,official,0.0001909657449883,0.9643392562866211,0.14346320465633242,0.8663526773452759,official,1
673.jpg,overseeing,3.3211433911023743e-06,0.5655297040939331,0.06930711822727094,0.9330400824546814,overseeing,1
674.jpg,policy,0.0002048038424513,0.5469261407852173,0.09795480323385339,0.9066898822784424,policy,1
675.jpg,working,0.0003902343484545,2.0527448654174805,0.4899162670178946,0.6126776933670044,working,1
676.jpg,admits,1.2052982890209034e-05,0.7043858766555786,0.08258657364103339,0.9207317233085632,admits,1
677.jpg,putting,0.0001001878256315,1.774344801902771,0.2560105502290215,0.7741338014602661,putting,1
678.jpg,overtime,1.2052982890209034e-05,1.4600733518600464,0.42390754233143685,0.6544843912124634,overtime,1
679.jpg,month,0.00024631813484,1.5970432758331299,0.21113510882072647,0.8096646666526794,month,1
680.jpg,blames,4.912524599338929e-06,1.1785290241241455,0.1502529794801109,0.8604902625083923,blames,1
681.jpg,irresistible,4.082238751563336e-06,1.041378378868103,0.23023445013343843,0.79434734582901,irresistible,1
682.jpg,pressure,0.0001411485941218,0.6643872261047363,0.09994557742296498,0.9048866629600525,pressure,1
683.jpg,match,0.0001868143157495,0.7933797836303711,0.11747911305834215,0.889159083366394,match,1
684.jpg,hour,0.0002089552716901,0.5562702417373657,0.0640224622005664,0.9379839301109314,hour,1
685.jpg,worker,3.722448217527245e-05,0.9724130630493164,0.1317844257206484,0.8765299320220947,worker,1
686.jpg,vacations,4.483543577988206e-06,0.623958945274353,0.1136817024747339,0.8925420045852661,vacations,1
687.jpg,unfortunately,5.770486642040376e-05,0.4170770049095154,0.056715123673536844,0.9448632001876831,unfortunately,1
688.jpg,involves,3.0305433443809167e-05,0.34145283699035645,0.05147439597045306,0.9498279690742493,involves,1
689.jpg,quite,0.000269842900527,0.9927587509155273,0.15598225847487243,0.855574369430542,quite,1
690.jpg,volunteer,2.643076615418973e-05,0.6160508394241333,0.13779077298903628,0.8712809681892395,volunteer,1
691.jpg,spirit,8.538106134625688e-05,0.2536143958568573,0.029224710841402272,0.9711982011795044,spirit,1
